[{"State":"Andaman & Nicobar Islands","Party":"Bahujan Samaj Party","Total_no_of_seats":503,"Won":0,"Loss":503,"lea":1823,"Previous_Election_won":414.0,"Percentage_of_change":4.14,"Total_Votes":22946182},{"State":"Andhra Pradesh","Party":"Bharatiya Janata Party","Total_no_of_seats":428,"Won":282,"Loss":146,"lea":1271,"Previous_Election_won":2818.0,"Percentage_of_change":31.0,"Total_Votes":171657549},{"State":"Arunachal Pradesh","Party":"Communist Party of India","Total_no_of_seats":67,"Won":1,"Loss":66,"lea":318,"Previous_Election_won":77.0,"Percentage_of_change":0.78,"Total_Votes":4327298},{"State":"Assam","Party":"Communist Party of India  (Marxist)","Total_no_of_seats":93,"Won":9,"Loss":84,"lea":4979,"Previous_Election_won":316.0,"Percentage_of_change":3.25,"Total_Votes":17986773},{"State":"Bihar","Party":"Indian National Congress","Total_no_of_seats":464,"Won":44,"Loss":420,"lea":3051,"Previous_Election_won":1887.0,"Percentage_of_change":19.31,"Total_Votes":106938242},{"State":"Chandigarh","Party":"Nationalist Congress Party","Total_no_of_seats":36,"Won":6,"Loss":30,"lea":1178,"Previous_Election_won":150.0,"Percentage_of_change":1.56,"Total_Votes":8635554},{"State":"Chhattisgarh","Party":"Aam Aadmi Party","Total_no_of_seats":432,"Won":4,"Loss":428,"lea":2827,"Previous_Election_won":201.0,"Percentage_of_change":2.05,"Total_Votes":11325635},{"State":"Dadra & Nagar Haveli","Party":"AJSU Party","Total_no_of_seats":10,"Won":0,"Loss":10,"lea":3234,"Previous_Election_won":9.0,"Percentage_of_change":0.09,"Total_Votes":488719},{"State":"Daman & Diu","Party":"All India Anna Dravida Munnetra Kazhagam","Total_no_of_seats":40,"Won":37,"Loss":3,"lea":672,"Previous_Election_won":290.0,"Percentage_of_change":3.27,"Total_Votes":18115825},{"State":"Goa","Party":"All India Forward Bloc","Total_no_of_seats":39,"Won":0,"Loss":39,"lea":5055,"Previous_Election_won":22.0,"Percentage_of_change":0.22,"Total_Votes":1211418},{"State":"Gujarat","Party":"All India N.R. Congress","Total_no_of_seats":1,"Won":1,"Loss":0,"lea":1570,"Previous_Election_won":4.0,"Percentage_of_change":0.05,"Total_Votes":255826},{"State":"Haryana","Party":"All India Trinamool Congress","Total_no_of_seats":131,"Won":34,"Loss":97,"lea":1527,"Previous_Election_won":350.0,"Percentage_of_change":3.84,"Total_Votes":21259681},{"State":"Himachal Pradesh","Party":"All India United Democratic Front","Total_no_of_seats":18,"Won":3,"Loss":15,"lea":3136,"Previous_Election_won":39.0,"Percentage_of_change":0.42,"Total_Votes":2333040},{"State":"Jammu & Kashmir","Party":"Asom Gana Parishad","Total_no_of_seats":12,"Won":0,"Loss":12,"lea":715,"Previous_Election_won":10.0,"Percentage_of_change":0.1,"Total_Votes":577730},{"State":"Jharkhand","Party":"Biju Janata Dal","Total_no_of_seats":21,"Won":20,"Loss":1,"lea":1647,"Previous_Election_won":151.0,"Percentage_of_change":1.71,"Total_Votes":9491497},{"State":"Karnataka","Party":"Bodoland Peoples Front","Total_no_of_seats":2,"Won":0,"Loss":2,"lea":9963,"Previous_Election_won":6.0,"Percentage_of_change":0.06,"Total_Votes":330106},{"State":"Kerala","Party":"Desiya Murpokku Dravida Kazhagam","Total_no_of_seats":14,"Won":0,"Loss":14,"lea":7794,"Previous_Election_won":38.0,"Percentage_of_change":0.38,"Total_Votes":2079392},{"State":"Lakshadweep","Party":"Dravida Munnetra Kazhagam","Total_no_of_seats":35,"Won":0,"Loss":35,"lea":1941,"Previous_Election_won":174.0,"Percentage_of_change":1.74,"Total_Votes":9636430},{"State":"Madhya Pradesh","Party":"Haryana Janhit Congress (BL)","Total_no_of_seats":2,"Won":0,"Loss":2,"lea":430,"Previous_Election_won":13.0,"Percentage_of_change":0.13,"Total_Votes":703698},{"State":"Maharashtra","Party":"Indian National Lok Dal","Total_no_of_seats":10,"Won":2,"Loss":8,"lea":4397,"Previous_Election_won":49.0,"Percentage_of_change":0.51,"Total_Votes":2799899},{"State":"Manipur","Party":"Indian Union Muslim League","Total_no_of_seats":25,"Won":2,"Loss":23,"lea":716,"Previous_Election_won":18.0,"Percentage_of_change":0.2,"Total_Votes":1100096},{"State":"Meghalaya","Party":"Jammu & Kashmir National Conference","Total_no_of_seats":3,"Won":0,"Loss":3,"lea":3418,"Previous_Election_won":7.0,"Percentage_of_change":0.07,"Total_Votes":396713},{"State":"Mizoram","Party":"Jammu & Kashmir National Panthers Party","Total_no_of_seats":13,"Won":0,"Loss":13,"lea":77,"Previous_Election_won":1.0,"Percentage_of_change":0.01,"Total_Votes":57103},{"State":"Nagaland","Party":"Jammu & Kashmir Peoples Democratic Party","Total_no_of_seats":5,"Won":3,"Loss":2,"lea":13943,"Previous_Election_won":10.0,"Percentage_of_change":0.13,"Total_Votes":732644},{"State":"NCT OF Delhi","Party":"Janata Dal  (Secular)","Total_no_of_seats":34,"Won":2,"Loss":32,"lea":7950,"Previous_Election_won":65.0,"Percentage_of_change":0.67,"Total_Votes":3731481},{"State":"Odisha","Party":"Janata Dal  (United)","Total_no_of_seats":93,"Won":2,"Loss":91,"lea":213,"Previous_Election_won":106.0,"Percentage_of_change":1.08,"Total_Votes":5992196},{"State":"Puducherry","Party":"Jharkhand Mukti Morcha","Total_no_of_seats":21,"Won":2,"Loss":19,"lea":3601,"Previous_Election_won":28.0,"Percentage_of_change":0.3,"Total_Votes":1637990},{"State":"Punjab","Party":"Jharkhand Vikas Morcha (Prajatantrik)","Total_no_of_seats":16,"Won":0,"Loss":16,"lea":1899,"Previous_Election_won":29.0,"Percentage_of_change":0.29,"Total_Votes":1579772},{"State":"Rajasthan","Party":"Kerala Congress  (M)","Total_no_of_seats":1,"Won":1,"Loss":0,"lea":1429,"Previous_Election_won":7.0,"Percentage_of_change":0.08,"Total_Votes":424194},{"State":"Sikkim","Party":"Lok Jan Shakti Party","Total_no_of_seats":7,"Won":6,"Loss":1,"lea":666,"Previous_Election_won":35.0,"Percentage_of_change":0.41,"Total_Votes":2295929},{"State":"Tamil Nadu","Party":"Maharashtra Navnirman sena","Total_no_of_seats":10,"Won":0,"Loss":10,"lea":5190,"Previous_Election_won":13.0,"Percentage_of_change":0.13,"Total_Votes":708118},{"State":"Tripura","Party":"Naga Peoples Front","Total_no_of_seats":2,"Won":1,"Loss":1,"lea":1727,"Previous_Election_won":17.0,"Percentage_of_change":0.18,"Total_Votes":994505},{"State":"Uttar Pradesh","Party":"National Peoples Party","Total_no_of_seats":7,"Won":1,"Loss":6,"lea":2174,"Previous_Election_won":9.0,"Percentage_of_change":0.1,"Total_Votes":576444},{"State":"Uttarakhand","Party":"Pattali Makkal Katchi","Total_no_of_seats":9,"Won":1,"Loss":8,"lea":76,"Previous_Election_won":32.0,"Percentage_of_change":0.33,"Total_Votes":1827566},{"State":"West Bengal","Party":"People's Party of Arunachal","Total_no_of_seats":2,"Won":0,"Loss":2,"lea":2464,"Previous_Election_won":1.0,"Percentage_of_change":0.01,"Total_Votes":47018},{"State":"West Bengal","Party":"Rashtriya Janata Dal","Total_no_of_seats":30,"Won":4,"Loss":26,"lea":2041,"Previous_Election_won":130.0,"Percentage_of_change":1.34,"Total_Votes":7442313},{"State":"West Bengal","Party":"Rashtriya Lok Dal","Total_no_of_seats":10,"Won":0,"Loss":10,"lea":2051,"Previous_Election_won":13.0,"Percentage_of_change":0.13,"Total_Votes":696919},{"State":"Tamil Nadu","Party":"Revolutionary Socialist Party","Total_no_of_seats":6,"Won":1,"Loss":5,"lea":8085,"Previous_Election_won":29.0,"Percentage_of_change":0.3,"Total_Votes":1666380},{"State":"Uttar Pradesh","Party":"Samajwadi Party","Total_no_of_seats":197,"Won":5,"Loss":192,"lea":3657,"Previous_Election_won":332.0,"Percentage_of_change":3.37,"Total_Votes":18672916},{"State":"Gujarat","Party":"Shiromani Akali Dal","Total_no_of_seats":10,"Won":4,"Loss":6,"lea":169,"Previous_Election_won":62.0,"Percentage_of_change":0.66,"Total_Votes":3636148},{"State":"Himachal Pradesh","Party":"Shivsena","Total_no_of_seats":58,"Won":18,"Loss":40,"lea":1457,"Previous_Election_won":167.0,"Percentage_of_change":1.85,"Total_Votes":10262982},{"State":"Jammu & Kashmir","Party":"Sikkim Democratic Front","Total_no_of_seats":1,"Won":1,"Loss":0,"lea":1409,"Previous_Election_won":2.0,"Percentage_of_change":0.03,"Total_Votes":163698},{"State":"Jharkhand","Party":"Telangana Rashtra Samithi","Total_no_of_seats":17,"Won":11,"Loss":6,"lea":27341,"Previous_Election_won":111.0,"Percentage_of_change":1.22,"Total_Votes":6736490},{"State":"Karnataka","Party":"Telugu Desam","Total_no_of_seats":30,"Won":16,"Loss":14,"lea":2336,"Previous_Election_won":239.0,"Percentage_of_change":2.55,"Total_Votes":14094545},{"State":"Kerala","Party":"United Democratic Party","Total_no_of_seats":1,"Won":0,"Loss":1,"lea":624,"Previous_Election_won":2.0,"Percentage_of_change":0.02,"Total_Votes":106817},{"State":"Lakshadweep","Party":"Aadijan Mukti Sena","Total_no_of_seats":1,"Won":0,"Loss":1,"lea":18271,"Previous_Election_won":0.0,"Percentage_of_change":0.0,"Total_Votes":8544},{"State":"Madhya Pradesh","Party":"Aadivasi Sena Party","Total_no_of_seats":2,"Won":0,"Loss":2,"lea":403,"Previous_Election_won":0.0,"Percentage_of_change":0.0,"Total_Votes":11362},{"State":"Maharashtra","Party":"Aam Janata Party","Total_no_of_seats":1,"Won":0,"Loss":1,"lea":7848,"Previous_Election_won":0.0,"Percentage_of_change":0.0,"Total_Votes":9372},{"State":"Manipur","Party":"Aama Odisha Party","Total_no_of_seats":9,"Won":0,"Loss":9,"lea":2029,"Previous_Election_won":3.0,"Percentage_of_change":0.03,"Total_Votes":155900},{"State":"Meghalaya","Party":"AARAKSHAN VIRODHI PARTY","Total_no_of_seats":3,"Won":0,"Loss":3,"lea":416,"Previous_Election_won":0.0,"Percentage_of_change":0.0,"Total_Votes":5861},{"State":"Mizoram","Party":"Aazadi Ka Antim Aandolan Dal","Total_no_of_seats":1,"Won":0,"Loss":1,"lea":1205,"Previous_Election_won":0.0,"Percentage_of_change":0.0,"Total_Votes":937},{"State":"Nagaland","Party":"Adarsh Manavtawadi Party","Total_no_of_seats":1,"Won":0,"Loss":1,"lea":5396,"Previous_Election_won":0.0,"Percentage_of_change":0.0,"Total_Votes":1919},{"State":"NCT OF Delhi","Party":"Adarsh Rashtriya Vikas Party","Total_no_of_seats":7,"Won":0,"Loss":7,"lea":3542,"Previous_Election_won":0.0,"Percentage_of_change":0.0,"Total_Votes":12037},{"State":"Odisha","Party":"Adarsh Samaj Party","Total_no_of_seats":1,"Won":0,"Loss":1,"lea":8209,"Previous_Election_won":0.0,"Percentage_of_change":0.0,"Total_Votes":557},{"State":"Puducherry","Party":"Agar Jan Party","Total_no_of_seats":2,"Won":0,"Loss":2,"lea":187,"Previous_Election_won":0.0,"Percentage_of_change":0.0,"Total_Votes":5228},{"State":"Punjab","Party":"Akhand Bharat Samaj Party","Total_no_of_seats":1,"Won":0,"Loss":1,"lea":7803,"Previous_Election_won":0.0,"Percentage_of_change":0.0,"Total_Votes":651},{"State":"Rajasthan","Party":"Akhil Bharat Hindu Mahasabha","Total_no_of_seats":8,"Won":0,"Loss":8,"lea":742,"Previous_Election_won":1.0,"Percentage_of_change":0.01,"Total_Votes":29483},{"State":"Sikkim","Party":"Akhil Bharatiya Ashok Sena","Total_no_of_seats":1,"Won":0,"Loss":1,"lea":215,"Previous_Election_won":0.0,"Percentage_of_change":0.0,"Total_Votes":296},{"State":"Tamil Nadu","Party":"Akhil Bharatiya Congress Dal (Ambedkar)","Total_no_of_seats":2,"Won":0,"Loss":2,"lea":2237,"Previous_Election_won":0.0,"Percentage_of_change":0.0,"Total_Votes":1461},{"State":"Tripura","Party":"Akhil Bharatiya Hind Kranti Party","Total_no_of_seats":1,"Won":0,"Loss":1,"lea":394,"Previous_Election_won":0.0,"Percentage_of_change":0.0,"Total_Votes":685},{"State":"Uttar Pradesh","Party":"Akhil Bharatiya Jan Sangh","Total_no_of_seats":4,"Won":0,"Loss":4,"lea":372,"Previous_Election_won":0.0,"Percentage_of_change":0.0,"Total_Votes":20902},{"State":"Uttarakhand","Party":"Akhil Bharatiya Manavata Paksha","Total_no_of_seats":1,"Won":0,"Loss":1,"lea":121,"Previous_Election_won":0.0,"Percentage_of_change":0.0,"Total_Votes":1077},{"State":"West Bengal","Party":"Akhil Bharatiya Muslim League (Secular)","Total_no_of_seats":5,"Won":0,"Loss":5,"lea":400,"Previous_Election_won":1.0,"Percentage_of_change":0.01,"Total_Votes":59735},{"State":"Himachal Pradesh","Party":"Akhil Bharatiya Rajarya Sabha","Total_no_of_seats":1,"Won":0,"Loss":1,"lea":2053,"Previous_Election_won":0.0,"Percentage_of_change":0.0,"Total_Votes":683},{"State":"Jammu & Kashmir","Party":"Akhil Bharatiya Samajwadi Congress","Total_no_of_seats":1,"Won":0,"Loss":1,"lea":570,"Previous_Election_won":0.0,"Percentage_of_change":0.0,"Total_Votes":2530},{"State":"Jharkhand","Party":"Akhil Bharatiya Shivsena Rashtrawadi","Total_no_of_seats":1,"Won":0,"Loss":1,"lea":8513,"Previous_Election_won":0.0,"Percentage_of_change":0.0,"Total_Votes":4380},{"State":"Karnataka","Party":"Akhil Bhartiya Aamjan Party","Total_no_of_seats":1,"Won":0,"Loss":1,"lea":6129,"Previous_Election_won":0.0,"Percentage_of_change":0.0,"Total_Votes":1040},{"State":"Kerala","Party":"Akhil Bhartiya Jharkhand Party","Total_no_of_seats":3,"Won":0,"Loss":3,"lea":2231,"Previous_Election_won":0.0,"Percentage_of_change":0.0,"Total_Votes":16616},{"State":"Lakshadweep","Party":"Akhil Bhartiya Mithila Party","Total_no_of_seats":2,"Won":0,"Loss":2,"lea":3060,"Previous_Election_won":0.0,"Percentage_of_change":0.0,"Total_Votes":11221},{"State":"Madhya Pradesh","Party":"Akhil Bhartiya Vikas Congress Party","Total_no_of_seats":1,"Won":0,"Loss":1,"lea":531,"Previous_Election_won":0.0,"Percentage_of_change":0.0,"Total_Votes":2255},{"State":"Maharashtra","Party":"Akhil Rashtrawadi Party","Total_no_of_seats":1,"Won":0,"Loss":1,"lea":3786,"Previous_Election_won":0.0,"Percentage_of_change":0.0,"Total_Votes":2029},{"State":"Manipur","Party":"Al-Hind Party","Total_no_of_seats":4,"Won":0,"Loss":4,"lea":442,"Previous_Election_won":0.0,"Percentage_of_change":0.0,"Total_Votes":5977},{"State":"Meghalaya","Party":"All India Azaad Congress Party","Total_no_of_seats":1,"Won":0,"Loss":1,"lea":687,"Previous_Election_won":0.0,"Percentage_of_change":0.0,"Total_Votes":1593},{"State":"Mizoram","Party":"All India Majlis-E-Ittehadul Muslimeen","Total_no_of_seats":5,"Won":1,"Loss":4,"lea":779,"Previous_Election_won":11.0,"Percentage_of_change":0.12,"Total_Votes":685729},{"State":"Nagaland","Party":"All India Mazdoor Party (Rangreta)","Total_no_of_seats":1,"Won":0,"Loss":1,"lea":2656,"Previous_Election_won":0.0,"Percentage_of_change":0.0,"Total_Votes":1182},{"State":"NCT OF Delhi","Party":"All India Minorities Front","Total_no_of_seats":5,"Won":0,"Loss":5,"lea":5871,"Previous_Election_won":0.0,"Percentage_of_change":0.0,"Total_Votes":9938},{"State":"Odisha","Party":"All India Peoples' Front (Radical)","Total_no_of_seats":3,"Won":0,"Loss":3,"lea":1249,"Previous_Election_won":0.0,"Percentage_of_change":0.0,"Total_Votes":7630},{"State":"Puducherry","Party":"All India Ravidas Samata Party","Total_no_of_seats":1,"Won":0,"Loss":1,"lea":2694,"Previous_Election_won":0.0,"Percentage_of_change":0.0,"Total_Votes":543},{"State":"Punjab","Party":"All J & K Kisan Majdoor Party","Total_no_of_seats":2,"Won":0,"Loss":2,"lea":3333,"Previous_Election_won":0.0,"Percentage_of_change":0.0,"Total_Votes":4392},{"State":"Rajasthan","Party":"All Jammu and Kashmir Republican Party","Total_no_of_seats":1,"Won":0,"Loss":1,"lea":1919,"Previous_Election_won":0.0,"Percentage_of_change":0.0,"Total_Votes":1568},{"State":"Sikkim","Party":"Ambedkar National Congress","Total_no_of_seats":10,"Won":0,"Loss":10,"lea":2295,"Previous_Election_won":0.0,"Percentage_of_change":0.0,"Total_Votes":19863},{"State":"Tamil Nadu","Party":"Ambedkar People's Movement","Total_no_of_seats":1,"Won":0,"Loss":1,"lea":1016,"Previous_Election_won":0.0,"Percentage_of_change":0.0,"Total_Votes":374},{"State":"Tripura","Party":"Ambedkar Samaj Party","Total_no_of_seats":7,"Won":0,"Loss":7,"lea":549,"Previous_Election_won":0.0,"Percentage_of_change":0.0,"Total_Votes":27589},{"State":"Uttar Pradesh","Party":"Ambedkarist Republican Party","Total_no_of_seats":4,"Won":0,"Loss":4,"lea":1698,"Previous_Election_won":0.0,"Percentage_of_change":0.0,"Total_Votes":16461},{"State":"Uttarakhand","Party":"Ambedkarite Party of India","Total_no_of_seats":34,"Won":0,"Loss":34,"lea":1309,"Previous_Election_won":3.0,"Percentage_of_change":0.03,"Total_Votes":185095},{"State":"West Bengal","Party":"Amra Bangalee","Total_no_of_seats":16,"Won":0,"Loss":16,"lea":6411,"Previous_Election_won":1.0,"Percentage_of_change":0.01,"Total_Votes":74628},{"State":"Himachal Pradesh","Party":"Anaithindia Dravidar Samudaya Munnetra Kazhagam","Total_no_of_seats":1,"Won":0,"Loss":1,"lea":5251,"Previous_Election_won":0.0,"Percentage_of_change":0.0,"Total_Votes":2372},{"State":"Jammu & Kashmir","Party":"Andhra Pradesh Rashtra Samaikya Samithi Party","Total_no_of_seats":2,"Won":0,"Loss":2,"lea":3773,"Previous_Election_won":0.0,"Percentage_of_change":0.0,"Total_Votes":2752},{"State":"Jharkhand","Party":"Andhra Rastra Praja Samithi","Total_no_of_seats":3,"Won":0,"Loss":3,"lea":751,"Previous_Election_won":0.0,"Percentage_of_change":0.0,"Total_Votes":12043},{"State":"Karnataka","Party":"Apna Dal","Total_no_of_seats":7,"Won":2,"Loss":5,"lea":6689,"Previous_Election_won":13.0,"Percentage_of_change":0.15,"Total_Votes":821820},{"State":"Kerala","Party":"Apna Dal United Party","Total_no_of_seats":2,"Won":0,"Loss":2,"lea":2543,"Previous_Election_won":0.0,"Percentage_of_change":0.0,"Total_Votes":9265},{"State":"Lakshadweep","Party":"Apna Desh Party","Total_no_of_seats":4,"Won":0,"Loss":4,"lea":1249,"Previous_Election_won":0.0,"Percentage_of_change":0.0,"Total_Votes":5579},{"State":"Madhya Pradesh","Party":"Asankhya Samaj Party","Total_no_of_seats":2,"Won":0,"Loss":2,"lea":942,"Previous_Election_won":0.0,"Percentage_of_change":0.0,"Total_Votes":3482},{"State":"Maharashtra","Party":"Ati Picchara party","Total_no_of_seats":1,"Won":0,"Loss":1,"lea":909,"Previous_Election_won":0.0,"Percentage_of_change":0.0,"Total_Votes":15370},{"State":"Manipur","Party":"Atulya Bharat Party","Total_no_of_seats":2,"Won":0,"Loss":2,"lea":50,"Previous_Election_won":0.0,"Percentage_of_change":0.0,"Total_Votes":2135},{"State":"Meghalaya","Party":"awami aamjan party","Total_no_of_seats":2,"Won":0,"Loss":2,"lea":1913,"Previous_Election_won":0.0,"Percentage_of_change":0.0,"Total_Votes":4378},{"State":"Mizoram","Party":"Awami Samta Party","Total_no_of_seats":1,"Won":0,"Loss":1,"lea":753,"Previous_Election_won":0.0,"Percentage_of_change":0.0,"Total_Votes":1617},{"State":"Nagaland","Party":"Awami Vikas Party","Total_no_of_seats":4,"Won":0,"Loss":4,"lea":1292,"Previous_Election_won":0.0,"Percentage_of_change":0.0,"Total_Votes":3750},{"State":"NCT OF Delhi","Party":"B. C. United Front","Total_no_of_seats":2,"Won":0,"Loss":2,"lea":3266,"Previous_Election_won":0.0,"Percentage_of_change":0.0,"Total_Votes":7036},{"State":"Odisha","Party":"B.C.Bharata Desam Party","Total_no_of_seats":1,"Won":0,"Loss":1,"lea":632,"Previous_Election_won":0.0,"Percentage_of_change":0.0,"Total_Votes":597},{"State":"Puducherry","Party":"Bahujan Kranti Party (Marxwad-Ambedkarwad)","Total_no_of_seats":1,"Won":0,"Loss":1,"lea":5471,"Previous_Election_won":0.0,"Percentage_of_change":0.0,"Total_Votes":1174},{"State":"Punjab","Party":"Bahujan Mukti Party","Total_no_of_seats":232,"Won":0,"Loss":232,"lea":4567,"Previous_Election_won":14.0,"Percentage_of_change":0.14,"Total_Votes":785358},{"State":"Rajasthan","Party":"Bahujan Samaj Party  (Ambedkar)","Total_no_of_seats":5,"Won":0,"Loss":5,"lea":7843,"Previous_Election_won":0.0,"Percentage_of_change":0.0,"Total_Votes":11104},{"State":"Sikkim","Party":"Bahujan Sangharsh Party (Kanshiram)","Total_no_of_seats":2,"Won":0,"Loss":2,"lea":6043,"Previous_Election_won":0.0,"Percentage_of_change":0.0,"Total_Votes":5416},{"State":"Tamil Nadu","Party":"Bahujan Sangharshh Dal","Total_no_of_seats":9,"Won":0,"Loss":9,"lea":24663,"Previous_Election_won":1.0,"Percentage_of_change":0.01,"Total_Votes":59813},{"State":"Tripura","Party":"Bahujan Suraksha Dal","Total_no_of_seats":2,"Won":0,"Loss":2,"lea":14026,"Previous_Election_won":0.0,"Percentage_of_change":0.0,"Total_Votes":1723},{"State":"Uttar Pradesh","Party":"Bahujan Vikas Aaghadi","Total_no_of_seats":1,"Won":0,"Loss":1,"lea":6750,"Previous_Election_won":5.0,"Percentage_of_change":0.05,"Total_Votes":293681},{"State":"Uttarakhand","Party":"Bajjikanchal Vikas Party","Total_no_of_seats":6,"Won":0,"Loss":6,"lea":28318,"Previous_Election_won":0.0,"Percentage_of_change":0.0,"Total_Votes":21524},{"State":"West Bengal","Party":"Bharat Bhrashtachar Mitao Party","Total_no_of_seats":2,"Won":0,"Loss":2,"lea":27503,"Previous_Election_won":0.0,"Percentage_of_change":0.0,"Total_Votes":10160},{"State":"Himachal Pradesh","Party":"Bharat Ki Lok Jimmedar Party","Total_no_of_seats":1,"Won":0,"Loss":1,"lea":43913,"Previous_Election_won":0.0,"Percentage_of_change":0.0,"Total_Votes":3392},{"State":"Jammu & Kashmir","Party":"Bharat Nav Nirman Party","Total_no_of_seats":2,"Won":0,"Loss":2,"lea":45780,"Previous_Election_won":0.0,"Percentage_of_change":0.0,"Total_Votes":2533},{"State":"Jharkhand","Party":"Bharat Nirman Party","Total_no_of_seats":1,"Won":0,"Loss":1,"lea":16354,"Previous_Election_won":0.0,"Percentage_of_change":0.0,"Total_Votes":2000},{"State":"Karnataka","Party":"Bharat Vikas Morcha","Total_no_of_seats":8,"Won":0,"Loss":8,"lea":19794,"Previous_Election_won":1.0,"Percentage_of_change":0.01,"Total_Votes":45667},{"State":"Kerala","Party":"Bharat Vishal Party","Total_no_of_seats":1,"Won":0,"Loss":1,"lea":19552,"Previous_Election_won":0.0,"Percentage_of_change":0.0,"Total_Votes":161},{"State":"Lakshadweep","Party":"Bharatiya Bahujan Congress","Total_no_of_seats":2,"Won":0,"Loss":2,"lea":4541,"Previous_Election_won":0.0,"Percentage_of_change":0.0,"Total_Votes":7197},{"State":"Madhya Pradesh","Party":"Bharatiya Bahujan Party","Total_no_of_seats":4,"Won":0,"Loss":4,"lea":19173,"Previous_Election_won":0.0,"Percentage_of_change":0.0,"Total_Votes":4653},{"State":"Maharashtra","Party":"Bharatiya Dr. B.R.Ambedkar Janta Party","Total_no_of_seats":6,"Won":0,"Loss":6,"lea":5069,"Previous_Election_won":0.0,"Percentage_of_change":0.0,"Total_Votes":9481},{"State":"Manipur","Party":"Bharatiya Ekta Dal","Total_no_of_seats":7,"Won":0,"Loss":7,"lea":37622,"Previous_Election_won":2.0,"Percentage_of_change":0.02,"Total_Votes":90315},{"State":"Meghalaya","Party":"Bharatiya Gaon Taj Dal","Total_no_of_seats":5,"Won":0,"Loss":5,"lea":37841,"Previous_Election_won":0.0,"Percentage_of_change":0.0,"Total_Votes":5761},{"State":"Mizoram","Party":"Bharatiya Inqalab Party","Total_no_of_seats":2,"Won":0,"Loss":2,"lea":28472,"Previous_Election_won":0.0,"Percentage_of_change":0.0,"Total_Votes":5362},{"State":"Nagaland","Party":"Bharatiya Jan Kranti Dal (Democratic)","Total_no_of_seats":3,"Won":0,"Loss":3,"lea":35479,"Previous_Election_won":0.0,"Percentage_of_change":0.0,"Total_Votes":14685},{"State":"NCT OF Delhi","Party":"Bharatiya Jawala Shakti Paksha ","Total_no_of_seats":1,"Won":0,"Loss":1,"lea":63581,"Previous_Election_won":0.0,"Percentage_of_change":0.0,"Total_Votes":1337},{"State":"Odisha","Party":"Bharatiya Kisan Parivartan Party","Total_no_of_seats":2,"Won":0,"Loss":2,"lea":37558,"Previous_Election_won":0.0,"Percentage_of_change":0.0,"Total_Votes":7342},{"State":"Puducherry","Party":"Bharatiya Kisan Sena Loktantrik","Total_no_of_seats":2,"Won":0,"Loss":2,"lea":33759,"Previous_Election_won":0.0,"Percentage_of_change":0.0,"Total_Votes":3826},{"State":"Punjab","Party":"Bharatiya Minorities Suraksha Mahasangh","Total_no_of_seats":1,"Won":0,"Loss":1,"lea":1204,"Previous_Election_won":0.0,"Percentage_of_change":0.0,"Total_Votes":3441},{"State":"Rajasthan","Party":"Bharatiya Momin Front","Total_no_of_seats":4,"Won":0,"Loss":4,"lea":9225,"Previous_Election_won":0.0,"Percentage_of_change":0.0,"Total_Votes":16182},{"State":"Sikkim","Party":"Bharatiya Mool Niwasi Samaj Party","Total_no_of_seats":1,"Won":0,"Loss":1,"lea":50212,"Previous_Election_won":0.0,"Percentage_of_change":0.0,"Total_Votes":877},{"State":"Tamil Nadu","Party":"Bharatiya National Janta Dal","Total_no_of_seats":4,"Won":0,"Loss":4,"lea":51691,"Previous_Election_won":0.0,"Percentage_of_change":0.0,"Total_Votes":20209},{"State":"Tripura","Party":"Bharatiya Nav Kranti Party","Total_no_of_seats":1,"Won":0,"Loss":1,"lea":7646,"Previous_Election_won":0.0,"Percentage_of_change":0.0,"Total_Votes":502},{"State":"Uttar Pradesh","Party":"Bharatiya Navyuvak Party","Total_no_of_seats":1,"Won":0,"Loss":1,"lea":7942,"Previous_Election_won":0.0,"Percentage_of_change":0.0,"Total_Votes":1408},{"State":"Uttarakhand","Party":"Bharatiya Peoples Party","Total_no_of_seats":2,"Won":0,"Loss":2,"lea":5807,"Previous_Election_won":0.0,"Percentage_of_change":0.0,"Total_Votes":4291},{"State":"West Bengal","Party":"Bharatiya Rashtriya Bahujan Samaj Vikas Party","Total_no_of_seats":1,"Won":0,"Loss":1,"lea":8587,"Previous_Election_won":0.0,"Percentage_of_change":0.0,"Total_Votes":3238},{"State":"Himachal Pradesh","Party":"Bharatiya Rashtriya Mazdoor Dal","Total_no_of_seats":1,"Won":0,"Loss":1,"lea":466,"Previous_Election_won":0.0,"Percentage_of_change":0.0,"Total_Votes":1607},{"State":"Jammu & Kashmir","Party":"Bharatiya Republican Paksha","Total_no_of_seats":4,"Won":0,"Loss":4,"lea":21721,"Previous_Election_won":0.0,"Percentage_of_change":0.0,"Total_Votes":8226},{"State":"Jharkhand","Party":"Bharatiya Samaj Dal","Total_no_of_seats":1,"Won":0,"Loss":1,"lea":29972,"Previous_Election_won":0.0,"Percentage_of_change":0.0,"Total_Votes":1096},{"State":"Karnataka","Party":"Bharatiya Sant Mat Party","Total_no_of_seats":7,"Won":0,"Loss":7,"lea":58206,"Previous_Election_won":0.0,"Percentage_of_change":0.0,"Total_Votes":15940},{"State":"Kerala","Party":"Bharatiya Sarvodaya Kranti Party","Total_no_of_seats":2,"Won":0,"Loss":2,"lea":1131,"Previous_Election_won":0.0,"Percentage_of_change":0.0,"Total_Votes":2409},{"State":"Lakshadweep","Party":"Bharatiya Yuva Shakti","Total_no_of_seats":6,"Won":0,"Loss":6,"lea":50655,"Previous_Election_won":1.0,"Percentage_of_change":0.01,"Total_Votes":38633},{"State":"Madhya Pradesh","Party":"Bharipa Bahujan Mahasangh","Total_no_of_seats":23,"Won":0,"Loss":23,"lea":16797,"Previous_Election_won":7.0,"Percentage_of_change":0.07,"Total_Votes":360854},{"State":"Maharashtra","Party":"Bharti Jan Suraksha Party","Total_no_of_seats":2,"Won":0,"Loss":2,"lea":5545,"Previous_Election_won":0.0,"Percentage_of_change":0.0,"Total_Votes":3336},{"State":"Manipur","Party":"Bhartiya  Sarvjan Party","Total_no_of_seats":2,"Won":0,"Loss":2,"lea":32199,"Previous_Election_won":0.0,"Percentage_of_change":0.0,"Total_Votes":5845},{"State":"Meghalaya","Party":"Bhartiya Chaitanya Party","Total_no_of_seats":1,"Won":0,"Loss":1,"lea":27720,"Previous_Election_won":0.0,"Percentage_of_change":0.0,"Total_Votes":802},{"State":"Mizoram","Party":"Bhartiya Ekta Manch Party","Total_no_of_seats":2,"Won":0,"Loss":2,"lea":19569,"Previous_Election_won":0.0,"Percentage_of_change":0.0,"Total_Votes":8729},{"State":"Nagaland","Party":"Bhartiya Jan Manch","Total_no_of_seats":1,"Won":0,"Loss":1,"lea":27746,"Previous_Election_won":0.0,"Percentage_of_change":0.0,"Total_Votes":325},{"State":"NCT OF Delhi","Party":"Bhartiya Jan Yug Party","Total_no_of_seats":2,"Won":0,"Loss":2,"lea":4179,"Previous_Election_won":0.0,"Percentage_of_change":0.0,"Total_Votes":2000},{"State":"Odisha","Party":"Bhartiya Janta Dal (Integrated)","Total_no_of_seats":3,"Won":0,"Loss":3,"lea":31765,"Previous_Election_won":0.0,"Percentage_of_change":0.0,"Total_Votes":1118},{"State":"Puducherry","Party":"Bhartiya Jantantrik Janata Dal","Total_no_of_seats":1,"Won":0,"Loss":1,"lea":1349,"Previous_Election_won":0.0,"Percentage_of_change":0.0,"Total_Votes":4664},{"State":"Punjab","Party":"Bhartiya Krishak Dal","Total_no_of_seats":4,"Won":0,"Loss":4,"lea":57644,"Previous_Election_won":0.0,"Percentage_of_change":0.0,"Total_Votes":4250},{"State":"Rajasthan","Party":"Bhartiya Naujawan Inklav Party","Total_no_of_seats":1,"Won":0,"Loss":1,"lea":7335,"Previous_Election_won":0.0,"Percentage_of_change":0.0,"Total_Votes":1440},{"State":"Sikkim","Party":"Bhartiya Navjawan Sena (Paksha)","Total_no_of_seats":2,"Won":0,"Loss":2,"lea":10574,"Previous_Election_won":0.0,"Percentage_of_change":0.0,"Total_Votes":1862},{"State":"Tamil Nadu","Party":"Bhartiya Party","Total_no_of_seats":1,"Won":0,"Loss":1,"lea":13859,"Previous_Election_won":0.0,"Percentage_of_change":0.0,"Total_Votes":1635},{"State":"Tripura","Party":"Bhartiya Pragatisheel Congress","Total_no_of_seats":3,"Won":0,"Loss":3,"lea":39656,"Previous_Election_won":0.0,"Percentage_of_change":0.0,"Total_Votes":2571},{"State":"Uttar Pradesh","Party":"Bhartiya Republican Party (Insan)","Total_no_of_seats":1,"Won":0,"Loss":1,"lea":32789,"Previous_Election_won":0.0,"Percentage_of_change":0.0,"Total_Votes":2138},{"State":"Uttarakhand","Party":"Bhartiya Samajik Kranti Dal","Total_no_of_seats":1,"Won":0,"Loss":1,"lea":30930,"Previous_Election_won":0.0,"Percentage_of_change":0.0,"Total_Votes":1423},{"State":"West Bengal","Party":"Bhartiya Satya Sangharsh Party","Total_no_of_seats":1,"Won":0,"Loss":1,"lea":5808,"Previous_Election_won":0.0,"Percentage_of_change":0.0,"Total_Votes":4956},{"State":"Himachal Pradesh","Party":"Bhartiya Shakti Chetna Party","Total_no_of_seats":30,"Won":0,"Loss":30,"lea":247,"Previous_Election_won":1.0,"Percentage_of_change":0.01,"Total_Votes":79359},{"State":"Jammu & Kashmir","Party":"Bhartiya Shramik Dal Socialist","Total_no_of_seats":1,"Won":0,"Loss":1,"lea":9486,"Previous_Election_won":0.0,"Percentage_of_change":0.0,"Total_Votes":924},{"State":"Jharkhand","Party":"Bhartiya Vanchitsamaj Party","Total_no_of_seats":2,"Won":0,"Loss":2,"lea":4253,"Previous_Election_won":0.0,"Percentage_of_change":0.0,"Total_Votes":4144},{"State":"Karnataka","Party":"Bhartiya Vikas Party","Total_no_of_seats":1,"Won":0,"Loss":1,"lea":25383,"Previous_Election_won":0.0,"Percentage_of_change":0.0,"Total_Votes":1152},{"State":"Kerala","Party":"Bhrashtachar Mukti Morcha","Total_no_of_seats":1,"Won":0,"Loss":1,"lea":7304,"Previous_Election_won":0.0,"Percentage_of_change":0.0,"Total_Votes":1413},{"State":"Lakshadweep","Party":"Bihar Janta Party","Total_no_of_seats":1,"Won":0,"Loss":1,"lea":4574,"Previous_Election_won":0.0,"Percentage_of_change":0.0,"Total_Votes":6765},{"State":"Madhya Pradesh","Party":"Braj Vikas Party","Total_no_of_seats":2,"Won":0,"Loss":2,"lea":16491,"Previous_Election_won":0.0,"Percentage_of_change":0.0,"Total_Votes":4411},{"State":"Maharashtra","Party":"Brihattar Bharat Prajatantra Sewa Party","Total_no_of_seats":1,"Won":0,"Loss":1,"lea":35620,"Previous_Election_won":0.0,"Percentage_of_change":0.0,"Total_Votes":1679},{"State":"Manipur","Party":"Bundelkhand Congress","Total_no_of_seats":2,"Won":0,"Loss":2,"lea":37885,"Previous_Election_won":0.0,"Percentage_of_change":0.0,"Total_Votes":5371},{"State":"Meghalaya","Party":"Chhattisgarh Swabhiman Manch","Total_no_of_seats":10,"Won":0,"Loss":10,"lea":11882,"Previous_Election_won":1.0,"Percentage_of_change":0.01,"Total_Votes":41911},{"State":"Mizoram","Party":"Chhattisgarhiya Party","Total_no_of_seats":1,"Won":0,"Loss":1,"lea":21130,"Previous_Election_won":0.0,"Percentage_of_change":0.0,"Total_Votes":4265},{"State":"Nagaland","Party":"Communist Party of India  (Marxist-Leninist)  (Liberation)","Total_no_of_seats":82,"Won":0,"Loss":82,"lea":11396,"Previous_Election_won":18.0,"Percentage_of_change":0.18,"Total_Votes":1007274},{"State":"NCT OF Delhi","Party":"Communist Party of India (Marxist-Leninist) Red Star","Total_no_of_seats":47,"Won":0,"Loss":47,"lea":26518,"Previous_Election_won":2.0,"Percentage_of_change":0.02,"Total_Votes":114323},{"State":"Odisha","Party":"Dalit Vikas Party(Bharat)","Total_no_of_seats":1,"Won":0,"Loss":1,"lea":4804,"Previous_Election_won":0.0,"Percentage_of_change":0.0,"Total_Votes":950},{"State":"Puducherry","Party":"Dalita Bahujana Party","Total_no_of_seats":2,"Won":0,"Loss":2,"lea":35922,"Previous_Election_won":0.0,"Percentage_of_change":0.0,"Total_Votes":7746},{"State":"Punjab","Party":"Democratic Bharatiya Samaj Party","Total_no_of_seats":5,"Won":0,"Loss":5,"lea":15282,"Previous_Election_won":0.0,"Percentage_of_change":0.0,"Total_Votes":5240},{"State":"Rajasthan","Party":"Democratic Congress Party","Total_no_of_seats":1,"Won":0,"Loss":1,"lea":26138,"Previous_Election_won":0.0,"Percentage_of_change":0.0,"Total_Votes":833},{"State":"Sikkim","Party":"Democratic Prajakranthi Party Secularist","Total_no_of_seats":1,"Won":0,"Loss":1,"lea":7512,"Previous_Election_won":0.0,"Percentage_of_change":0.0,"Total_Votes":1342},{"State":"Tamil Nadu","Party":"Democratic Secular Party","Total_no_of_seats":1,"Won":0,"Loss":1,"lea":26062,"Previous_Election_won":0.0,"Percentage_of_change":0.0,"Total_Votes":1262},{"State":"Tripura","Party":"Deshbhakt Nirman Party","Total_no_of_seats":1,"Won":0,"Loss":1,"lea":21686,"Previous_Election_won":0.0,"Percentage_of_change":0.0,"Total_Votes":5485},{"State":"Uttar Pradesh","Party":"Desiya Forward Bloc","Total_no_of_seats":4,"Won":0,"Loss":4,"lea":40261,"Previous_Election_won":0.0,"Percentage_of_change":0.0,"Total_Votes":17474},{"State":"Uttarakhand","Party":"Dharam Nirpeksh Dal","Total_no_of_seats":1,"Won":0,"Loss":1,"lea":63323,"Previous_Election_won":0.0,"Percentage_of_change":0.0,"Total_Votes":4130},{"State":"West Bengal","Party":"Dharmarajya Paksha","Total_no_of_seats":1,"Won":0,"Loss":1,"lea":35008,"Previous_Election_won":0.0,"Percentage_of_change":0.0,"Total_Votes":2175},{"State":"Himachal Pradesh","Party":"Dr. Ambedkar Samajvadi Democratic Party","Total_no_of_seats":1,"Won":0,"Loss":1,"lea":30347,"Previous_Election_won":0.0,"Percentage_of_change":0.0,"Total_Votes":1949},{"State":"Jammu & Kashmir","Party":"Eklavya Samaj Party","Total_no_of_seats":2,"Won":0,"Loss":2,"lea":20915,"Previous_Election_won":0.0,"Percentage_of_change":0.0,"Total_Votes":5341},{"State":"Jharkhand","Party":"Ex-Sainik Kissan Party","Total_no_of_seats":1,"Won":0,"Loss":1,"lea":2691,"Previous_Election_won":0.0,"Percentage_of_change":0.0,"Total_Votes":2988},{"State":"Karnataka","Party":"Ezhuchi Tamilargal Munnetra Kazhagam","Total_no_of_seats":1,"Won":0,"Loss":1,"lea":34194,"Previous_Election_won":0.0,"Percentage_of_change":0.0,"Total_Votes":3023},{"State":"Kerala","Party":"Gareeb Aadmi Party","Total_no_of_seats":9,"Won":0,"Loss":9,"lea":52600,"Previous_Election_won":0.0,"Percentage_of_change":0.0,"Total_Votes":23505},{"State":"Lakshadweep","Party":"Goa Su-Raj Party","Total_no_of_seats":1,"Won":0,"Loss":1,"lea":2869,"Previous_Election_won":0.0,"Percentage_of_change":0.0,"Total_Votes":783},{"State":"Madhya Pradesh","Party":"Goemcarancho Otrec Astro","Total_no_of_seats":1,"Won":0,"Loss":1,"lea":5376,"Previous_Election_won":0.0,"Percentage_of_change":0.0,"Total_Votes":530},{"State":"Maharashtra","Party":"Gondvana Gantantra Party","Total_no_of_seats":27,"Won":0,"Loss":27,"lea":37984,"Previous_Election_won":5.0,"Percentage_of_change":0.05,"Total_Votes":301366},{"State":"Manipur","Party":"Gorkha Rashtriya Congress","Total_no_of_seats":1,"Won":0,"Loss":1,"lea":7759,"Previous_Election_won":0.0,"Percentage_of_change":0.0,"Total_Votes":2906},{"State":"Meghalaya","Party":"Great India Party","Total_no_of_seats":1,"Won":0,"Loss":1,"lea":19873,"Previous_Election_won":0.0,"Percentage_of_change":0.0,"Total_Votes":2594},{"State":"Mizoram","Party":"Himachal Swabhiman Party","Total_no_of_seats":1,"Won":0,"Loss":1,"lea":53474,"Previous_Election_won":0.0,"Percentage_of_change":0.0,"Total_Votes":997},{"State":"Nagaland","Party":"Hindustan Ekta Party","Total_no_of_seats":1,"Won":0,"Loss":1,"lea":10999,"Previous_Election_won":0.0,"Percentage_of_change":0.0,"Total_Votes":566},{"State":"NCT OF Delhi","Party":"Hindustan Janta Party","Total_no_of_seats":15,"Won":0,"Loss":15,"lea":33009,"Previous_Election_won":1.0,"Percentage_of_change":0.01,"Total_Votes":46761},{"State":"Odisha","Party":"Hindustan Kranti Dal","Total_no_of_seats":1,"Won":0,"Loss":1,"lea":2712,"Previous_Election_won":0.0,"Percentage_of_change":0.0,"Total_Votes":2762},{"State":"Puducherry","Party":"Hindustan Krantikari Dal","Total_no_of_seats":3,"Won":0,"Loss":3,"lea":12303,"Previous_Election_won":0.0,"Percentage_of_change":0.0,"Total_Votes":6703},{"State":"Punjab","Party":"Hindustan Swaraj Congress Party","Total_no_of_seats":1,"Won":0,"Loss":1,"lea":7174,"Previous_Election_won":0.0,"Percentage_of_change":0.0,"Total_Votes":888},{"State":"Rajasthan","Party":"Hindustan Vikas Dal","Total_no_of_seats":2,"Won":0,"Loss":2,"lea":27644,"Previous_Election_won":0.0,"Percentage_of_change":0.0,"Total_Votes":7921},{"State":"Sikkim","Party":"Hindusthan Nirman Dal","Total_no_of_seats":6,"Won":0,"Loss":6,"lea":5474,"Previous_Election_won":0.0,"Percentage_of_change":0.0,"Total_Votes":8889},{"State":"Tamil Nadu","Party":"Hindusthan Praja Paksha","Total_no_of_seats":1,"Won":0,"Loss":1,"lea":22493,"Previous_Election_won":0.0,"Percentage_of_change":0.0,"Total_Votes":8853},{"State":"Tripura","Party":"Indian Bahujan Samajwadi Party","Total_no_of_seats":1,"Won":0,"Loss":1,"lea":10410,"Previous_Election_won":0.0,"Percentage_of_change":0.0,"Total_Votes":1059},{"State":"Uttar Pradesh","Party":"Indian Bahujan Sandesh Party (Kanshiram)","Total_no_of_seats":2,"Won":0,"Loss":2,"lea":23632,"Previous_Election_won":0.0,"Percentage_of_change":0.0,"Total_Votes":1952},{"State":"Uttarakhand","Party":"Indian Christian Secular Party","Total_no_of_seats":6,"Won":0,"Loss":6,"lea":34097,"Previous_Election_won":0.0,"Percentage_of_change":0.0,"Total_Votes":14353},{"State":"West Bengal","Party":"Indian Gandhiyan Party","Total_no_of_seats":1,"Won":0,"Loss":1,"lea":15193,"Previous_Election_won":0.0,"Percentage_of_change":0.0,"Total_Votes":546},{"State":"Himachal Pradesh","Party":"Indian Krantikari Lehar","Total_no_of_seats":2,"Won":0,"Loss":2,"lea":30890,"Previous_Election_won":0.0,"Percentage_of_change":0.0,"Total_Votes":5084},{"State":"Jammu & Kashmir","Party":"Indian Labour Party (Ambedkar Phule)","Total_no_of_seats":2,"Won":0,"Loss":2,"lea":36430,"Previous_Election_won":0.0,"Percentage_of_change":0.0,"Total_Votes":6390},{"State":"Jharkhand","Party":"Indian National League","Total_no_of_seats":4,"Won":0,"Loss":4,"lea":49122,"Previous_Election_won":0.0,"Percentage_of_change":0.0,"Total_Votes":11924},{"State":"Karnataka","Party":"Indian Oceanic Party","Total_no_of_seats":1,"Won":0,"Loss":1,"lea":41371,"Previous_Election_won":0.0,"Percentage_of_change":0.0,"Total_Votes":649},{"State":"Kerala","Party":"Indian Peace Party","Total_no_of_seats":1,"Won":0,"Loss":1,"lea":12079,"Previous_Election_won":0.0,"Percentage_of_change":0.0,"Total_Votes":2155},{"State":"Lakshadweep","Party":"Indian Peoples Green Party","Total_no_of_seats":3,"Won":0,"Loss":3,"lea":21356,"Previous_Election_won":0.0,"Percentage_of_change":0.0,"Total_Votes":3488},{"State":"Madhya Pradesh","Party":"Indian Savarn Samaj Party","Total_no_of_seats":4,"Won":0,"Loss":4,"lea":51554,"Previous_Election_won":0.0,"Percentage_of_change":0.0,"Total_Votes":16903},{"State":"Maharashtra","Party":"Indian Unity Centre","Total_no_of_seats":3,"Won":0,"Loss":3,"lea":16963,"Previous_Election_won":0.0,"Percentage_of_change":0.0,"Total_Votes":13527},{"State":"Manipur","Party":"Indians Victory Party","Total_no_of_seats":1,"Won":0,"Loss":1,"lea":4636,"Previous_Election_won":0.0,"Percentage_of_change":0.0,"Total_Votes":398},{"State":"Meghalaya","Party":"Indigenousn People's Front Of Tripura","Total_no_of_seats":2,"Won":0,"Loss":2,"lea":11434,"Previous_Election_won":0.0,"Percentage_of_change":0.0,"Total_Votes":21326},{"State":"Mizoram","Party":"Inqalab Vikas Dal","Total_no_of_seats":2,"Won":0,"Loss":2,"lea":75277,"Previous_Election_won":0.0,"Percentage_of_change":0.0,"Total_Votes":2570},{"State":"Nagaland","Party":"Jago Party","Total_no_of_seats":7,"Won":0,"Loss":7,"lea":15252,"Previous_Election_won":0.0,"Percentage_of_change":0.0,"Total_Votes":27624},{"State":"NCT OF Delhi","Party":"Jai Bharat Samanta Party","Total_no_of_seats":1,"Won":0,"Loss":1,"lea":13588,"Previous_Election_won":4.0,"Percentage_of_change":0.04,"Total_Votes":215607},{"State":"Odisha","Party":"Jai Hind Party","Total_no_of_seats":1,"Won":0,"Loss":1,"lea":4190,"Previous_Election_won":0.0,"Percentage_of_change":0.0,"Total_Votes":14754},{"State":"Puducherry","Party":"Jai Hind Samaj Party","Total_no_of_seats":5,"Won":0,"Loss":5,"lea":22776,"Previous_Election_won":0.0,"Percentage_of_change":0.0,"Total_Votes":27122},{"State":"Punjab","Party":"Jai Maha Bharath Party","Total_no_of_seats":27,"Won":0,"Loss":27,"lea":48697,"Previous_Election_won":1.0,"Percentage_of_change":0.01,"Total_Votes":58014},{"State":"Rajasthan","Party":"Jai Prakash Janata Dal","Total_no_of_seats":5,"Won":0,"Loss":5,"lea":112370,"Previous_Election_won":0.0,"Percentage_of_change":0.0,"Total_Votes":27619},{"State":"Sikkim","Party":"Jai Samaikyandhra Party","Total_no_of_seats":27,"Won":0,"Loss":27,"lea":76608,"Previous_Election_won":4.0,"Percentage_of_change":0.04,"Total_Votes":204235},{"State":"Tamil Nadu","Party":"Jai Vijaya Bharathi Party","Total_no_of_seats":2,"Won":0,"Loss":2,"lea":56640,"Previous_Election_won":0.0,"Percentage_of_change":0.0,"Total_Votes":4270},{"State":"Tripura","Party":"Jamat-E-Seratul Mustakim","Total_no_of_seats":3,"Won":0,"Loss":3,"lea":9160,"Previous_Election_won":0.0,"Percentage_of_change":0.0,"Total_Votes":10564},{"State":"Uttar Pradesh","Party":"Jammu & Kashmir People Conference","Total_no_of_seats":1,"Won":0,"Loss":1,"lea":12336,"Previous_Election_won":1.0,"Percentage_of_change":0.01,"Total_Votes":71154},{"State":"Uttarakhand","Party":"Jan Morcha","Total_no_of_seats":1,"Won":0,"Loss":1,"lea":13417,"Previous_Election_won":0.0,"Percentage_of_change":0.0,"Total_Votes":2901},{"State":"West Bengal","Party":"Jan Raajya Party","Total_no_of_seats":1,"Won":0,"Loss":1,"lea":9383,"Previous_Election_won":0.0,"Percentage_of_change":0.0,"Total_Votes":2543},{"State":"Himachal Pradesh","Party":"Jan Raksha Party","Total_no_of_seats":1,"Won":0,"Loss":1,"lea":3810,"Previous_Election_won":0.0,"Percentage_of_change":0.0,"Total_Votes":1318},{"State":"Jammu & Kashmir","Party":"Jan Samanta Party","Total_no_of_seats":1,"Won":0,"Loss":1,"lea":12786,"Previous_Election_won":0.0,"Percentage_of_change":0.0,"Total_Votes":357},{"State":"Jharkhand","Party":"Jan Sevak Party","Total_no_of_seats":1,"Won":0,"Loss":1,"lea":54883,"Previous_Election_won":0.0,"Percentage_of_change":0.0,"Total_Votes":4489},{"State":"Karnataka","Party":"Jan Shakti Ekta Party","Total_no_of_seats":3,"Won":0,"Loss":3,"lea":26182,"Previous_Election_won":0.0,"Percentage_of_change":0.0,"Total_Votes":6636},{"State":"Kerala","Party":"Jan-Nyay Dal","Total_no_of_seats":1,"Won":0,"Loss":1,"lea":29933,"Previous_Election_won":0.0,"Percentage_of_change":0.0,"Total_Votes":4719},{"State":"Lakshadweep","Party":"Janral Samaj Party","Total_no_of_seats":1,"Won":0,"Loss":1,"lea":43329,"Previous_Election_won":0.0,"Percentage_of_change":0.0,"Total_Votes":944},{"State":"Madhya Pradesh","Party":"Janta Dal Rashtravadi","Total_no_of_seats":9,"Won":0,"Loss":9,"lea":18096,"Previous_Election_won":1.0,"Percentage_of_change":0.01,"Total_Votes":53864},{"State":"Maharashtra","Party":"Janta Raj Party","Total_no_of_seats":2,"Won":0,"Loss":2,"lea":44686,"Previous_Election_won":0.0,"Percentage_of_change":0.0,"Total_Votes":3846},{"State":"Manipur","Party":"Jantantra Party","Total_no_of_seats":2,"Won":0,"Loss":2,"lea":71036,"Previous_Election_won":0.0,"Percentage_of_change":0.0,"Total_Votes":2249},{"State":"Meghalaya","Party":"Janvadi Party(Socialist)","Total_no_of_seats":12,"Won":0,"Loss":12,"lea":77623,"Previous_Election_won":1.0,"Percentage_of_change":0.01,"Total_Votes":47690},{"State":"Mizoram","Party":"Jawan Kisan Morcha","Total_no_of_seats":1,"Won":0,"Loss":1,"lea":18424,"Previous_Election_won":0.0,"Percentage_of_change":0.0,"Total_Votes":2711},{"State":"Nagaland","Party":"Jebamani Janata","Total_no_of_seats":1,"Won":0,"Loss":1,"lea":7924,"Previous_Election_won":0.0,"Percentage_of_change":0.0,"Total_Votes":1517},{"State":"NCT OF Delhi","Party":"Jharkhand Anushilan Party","Total_no_of_seats":3,"Won":0,"Loss":3,"lea":25206,"Previous_Election_won":0.0,"Percentage_of_change":0.0,"Total_Votes":12240},{"State":"Odisha","Party":"Jharkhand Disom Party","Total_no_of_seats":19,"Won":0,"Loss":19,"lea":39324,"Previous_Election_won":2.0,"Percentage_of_change":0.02,"Total_Votes":109843},{"State":"Puducherry","Party":"Jharkhand Mukti Morcha  (Ulgulan)","Total_no_of_seats":1,"Won":0,"Loss":1,"lea":17247,"Previous_Election_won":0.0,"Percentage_of_change":0.0,"Total_Votes":3512},{"State":"Punjab","Party":"Jharkhand Party","Total_no_of_seats":4,"Won":0,"Loss":4,"lea":1647,"Previous_Election_won":4.0,"Percentage_of_change":0.04,"Total_Votes":203869},{"State":"Rajasthan","Party":"Jharkhand Party  (Naren)","Total_no_of_seats":3,"Won":0,"Loss":3,"lea":22447,"Previous_Election_won":0.0,"Percentage_of_change":0.0,"Total_Votes":16670},{"State":"Sikkim","Party":"Jharkhand Vikas Dal","Total_no_of_seats":2,"Won":0,"Loss":2,"lea":13006,"Previous_Election_won":0.0,"Percentage_of_change":0.0,"Total_Votes":10870},{"State":"Tamil Nadu","Party":"Kalinga Sena","Total_no_of_seats":3,"Won":0,"Loss":3,"lea":19990,"Previous_Election_won":0.0,"Percentage_of_change":0.0,"Total_Votes":21143},{"State":"Tripura","Party":"Kalyankari Jantantrik Party","Total_no_of_seats":4,"Won":0,"Loss":4,"lea":16036,"Previous_Election_won":0.0,"Percentage_of_change":0.0,"Total_Votes":4839},{"State":"Uttar Pradesh","Party":"Kamarajar Deseeya Congress","Total_no_of_seats":1,"Won":0,"Loss":1,"lea":15767,"Previous_Election_won":0.0,"Percentage_of_change":0.0,"Total_Votes":1345},{"State":"Uttarakhand","Party":"Kannada Chalavali Vatal Paksha","Total_no_of_seats":1,"Won":0,"Loss":1,"lea":7393,"Previous_Election_won":0.0,"Percentage_of_change":0.0,"Total_Votes":707},{"State":"West Bengal","Party":"Karunaadu Party","Total_no_of_seats":10,"Won":0,"Loss":10,"lea":44529,"Previous_Election_won":1.0,"Percentage_of_change":0.01,"Total_Votes":33172},{"State":"Andaman & Nicobar Islands","Party":"Kisan Majdoor Berojgar Sangh","Total_no_of_seats":2,"Won":0,"Loss":2,"lea":2812,"Previous_Election_won":0.0,"Percentage_of_change":0.0,"Total_Votes":7839},{"State":"Andhra Pradesh","Party":"Kosal Kranti Dal","Total_no_of_seats":1,"Won":0,"Loss":1,"lea":11179,"Previous_Election_won":0.0,"Percentage_of_change":0.0,"Total_Votes":8448},{"State":"Arunachal Pradesh","Party":"Krantikari Vikas Dal","Total_no_of_seats":3,"Won":0,"Loss":3,"lea":1326,"Previous_Election_won":0.0,"Percentage_of_change":0.0,"Total_Votes":7541},{"State":"Assam","Party":"Labour Party of India (V.V. Prasad)","Total_no_of_seats":1,"Won":0,"Loss":1,"lea":6733,"Previous_Election_won":0.0,"Percentage_of_change":0.0,"Total_Votes":1993},{"State":"Bihar","Party":"Lok Bharati","Total_no_of_seats":8,"Won":0,"Loss":8,"lea":24235,"Previous_Election_won":0.0,"Percentage_of_change":0.0,"Total_Votes":13399},{"State":"Chandigarh","Party":"Lok Dal","Total_no_of_seats":21,"Won":0,"Loss":21,"lea":3355,"Previous_Election_won":1.0,"Percentage_of_change":0.01,"Total_Votes":48198},{"State":"Chhattisgarh","Party":"Lok Parivartan Party(DC)","Total_no_of_seats":3,"Won":0,"Loss":3,"lea":4078,"Previous_Election_won":0.0,"Percentage_of_change":0.0,"Total_Votes":4396},{"State":"Dadra & Nagar Haveli","Party":"Lok Satta Party","Total_no_of_seats":7,"Won":0,"Loss":7,"lea":12951,"Previous_Election_won":3.0,"Percentage_of_change":0.03,"Total_Votes":169648},{"State":"Daman & Diu","Party":"Lok Shakti","Total_no_of_seats":1,"Won":0,"Loss":1,"lea":27788,"Previous_Election_won":0.0,"Percentage_of_change":0.0,"Total_Votes":3722},{"State":"Goa","Party":"Lokpriya Samaj Party","Total_no_of_seats":3,"Won":0,"Loss":3,"lea":26244,"Previous_Election_won":0.0,"Percentage_of_change":0.0,"Total_Votes":13304},{"State":"Gujarat","Party":"Loktantrik Janata Party (Secular)","Total_no_of_seats":3,"Won":0,"Loss":3,"lea":25255,"Previous_Election_won":0.0,"Percentage_of_change":0.0,"Total_Votes":10026},{"State":"Haryana","Party":"Loktantrik Rashrtavadi Party","Total_no_of_seats":2,"Won":0,"Loss":2,"lea":16573,"Previous_Election_won":0.0,"Percentage_of_change":0.0,"Total_Votes":1491},{"State":"Himachal Pradesh","Party":"Loktantrik Samajwadi Party","Total_no_of_seats":2,"Won":0,"Loss":2,"lea":26239,"Previous_Election_won":0.0,"Percentage_of_change":0.0,"Total_Votes":2820},{"State":"Jammu & Kashmir","Party":"Mahajana Socialist Party","Total_no_of_seats":4,"Won":0,"Loss":4,"lea":10971,"Previous_Election_won":0.0,"Percentage_of_change":0.0,"Total_Votes":22023},{"State":"Jharkhand","Party":"Mahamukti Dal","Total_no_of_seats":1,"Won":0,"Loss":1,"lea":15214,"Previous_Election_won":0.0,"Percentage_of_change":0.0,"Total_Votes":2482},{"State":"Karnataka","Party":"Mahan Dal","Total_no_of_seats":3,"Won":0,"Loss":3,"lea":15793,"Previous_Election_won":0.0,"Percentage_of_change":0.0,"Total_Votes":22774},{"State":"Kerala","Party":"Mahanwadi Party","Total_no_of_seats":1,"Won":0,"Loss":1,"lea":21352,"Previous_Election_won":0.0,"Percentage_of_change":0.0,"Total_Votes":2101},{"State":"Lakshadweep","Party":"Maharashtra Parivartan Sena (T)","Total_no_of_seats":10,"Won":0,"Loss":10,"lea":32309,"Previous_Election_won":0.0,"Percentage_of_change":0.0,"Total_Votes":13339},{"State":"Madhya Pradesh","Party":"Maharashtra Vikas Aghadi","Total_no_of_seats":2,"Won":0,"Loss":2,"lea":20340,"Previous_Election_won":0.0,"Percentage_of_change":0.0,"Total_Votes":2979},{"State":"Andaman & Nicobar Islands","Party":"Mahila Swabhiman Party","Total_no_of_seats":1,"Won":0,"Loss":1,"lea":12524,"Previous_Election_won":0.0,"Percentage_of_change":0.0,"Total_Votes":2425},{"State":"Andhra Pradesh","Party":"Majdoor Kisan Union Party","Total_no_of_seats":1,"Won":0,"Loss":1,"lea":35050,"Previous_Election_won":0.0,"Percentage_of_change":0.0,"Total_Votes":362},{"State":"Arunachal Pradesh","Party":"Majlis Bachao Tahreek","Total_no_of_seats":4,"Won":0,"Loss":4,"lea":90645,"Previous_Election_won":0.0,"Percentage_of_change":0.0,"Total_Votes":11347},{"State":"Assam","Party":"Majlis Markaz-e-Siyasee Party","Total_no_of_seats":1,"Won":0,"Loss":1,"lea":315,"Previous_Election_won":0.0,"Percentage_of_change":0.0,"Total_Votes":959},{"State":"Bihar","Party":"Makkal Manadu Katchi","Total_no_of_seats":7,"Won":0,"Loss":7,"lea":32320,"Previous_Election_won":0.0,"Percentage_of_change":0.0,"Total_Votes":8468},{"State":"Chandigarh","Party":"Manav Mukti Morcha","Total_no_of_seats":1,"Won":0,"Loss":1,"lea":10768,"Previous_Election_won":0.0,"Percentage_of_change":0.0,"Total_Votes":4409},{"State":"Chhattisgarh","Party":"Manavadhikar Janshakti Party","Total_no_of_seats":1,"Won":0,"Loss":1,"lea":16861,"Previous_Election_won":0.0,"Percentage_of_change":0.0,"Total_Votes":997},{"State":"Dadra & Nagar Haveli","Party":"Manavtawadi Samaj Party","Total_no_of_seats":7,"Won":0,"Loss":7,"lea":14345,"Previous_Election_won":0.0,"Percentage_of_change":0.0,"Total_Votes":17890},{"State":"Daman & Diu","Party":"Manipur Democratic Peoples's Front","Total_no_of_seats":1,"Won":0,"Loss":1,"lea":81472,"Previous_Election_won":0.0,"Percentage_of_change":0.0,"Total_Votes":2005},{"State":"Goa","Party":"Manithaneya Makkal Katchi","Total_no_of_seats":1,"Won":0,"Loss":1,"lea":1779,"Previous_Election_won":4.0,"Percentage_of_change":0.04,"Total_Votes":236679},{"State":"Gujarat","Party":"Marumalarchi Dravida Munnetra Kazhagam","Total_no_of_seats":7,"Won":0,"Loss":7,"lea":37880,"Previous_Election_won":26.0,"Percentage_of_change":0.26,"Total_Votes":1417535},{"State":"Haryana","Party":"Marxist Co-Ordination","Total_no_of_seats":1,"Won":0,"Loss":1,"lea":5514,"Previous_Election_won":2.0,"Percentage_of_change":0.02,"Total_Votes":110185},{"State":"Himachal Pradesh","Party":"Marxist Communist Party of India (United)","Total_no_of_seats":5,"Won":0,"Loss":5,"lea":4885,"Previous_Election_won":0.0,"Percentage_of_change":0.0,"Total_Votes":13028},{"State":"Jammu & Kashmir","Party":"Megh Desham Party","Total_no_of_seats":3,"Won":0,"Loss":3,"lea":43010,"Previous_Election_won":0.0,"Percentage_of_change":0.0,"Total_Votes":10490},{"State":"Jharkhand","Party":"Minorities Democratic Party","Total_no_of_seats":6,"Won":0,"Loss":6,"lea":7559,"Previous_Election_won":0.0,"Percentage_of_change":0.0,"Total_Votes":11225},{"State":"Karnataka","Party":"Moderate Party","Total_no_of_seats":1,"Won":0,"Loss":1,"lea":18082,"Previous_Election_won":0.0,"Percentage_of_change":0.0,"Total_Votes":5406},{"State":"Kerala","Party":"Moolniwasi Samaj Party","Total_no_of_seats":2,"Won":0,"Loss":2,"lea":13574,"Previous_Election_won":0.0,"Percentage_of_change":0.0,"Total_Votes":4986},{"State":"Lakshadweep","Party":"Most Backward Classes Of India","Total_no_of_seats":9,"Won":0,"Loss":9,"lea":11893,"Previous_Election_won":0.0,"Percentage_of_change":0.0,"Total_Votes":19417},{"State":"Madhya Pradesh","Party":"Moulik Adhikar Party","Total_no_of_seats":3,"Won":0,"Loss":3,"lea":9409,"Previous_Election_won":0.0,"Percentage_of_change":0.0,"Total_Votes":15742},{"State":"Andaman & Nicobar Islands","Party":"Nagrik Ekta Party","Total_no_of_seats":3,"Won":0,"Loss":3,"lea":27458,"Previous_Election_won":0.0,"Percentage_of_change":0.0,"Total_Votes":2917},{"State":"Andhra Pradesh","Party":"Naitik Party","Total_no_of_seats":17,"Won":0,"Loss":17,"lea":4767,"Previous_Election_won":1.0,"Percentage_of_change":0.01,"Total_Votes":36181},{"State":"Arunachal Pradesh","Party":"Namadhu Makkal Katchi","Total_no_of_seats":1,"Won":0,"Loss":1,"lea":7765,"Previous_Election_won":0.0,"Percentage_of_change":0.0,"Total_Votes":2511},{"State":"Assam","Party":"Narayani Sena","Total_no_of_seats":1,"Won":0,"Loss":1,"lea":1445,"Previous_Election_won":0.0,"Percentage_of_change":0.0,"Total_Votes":1725},{"State":"Bihar","Party":"National Development Party","Total_no_of_seats":1,"Won":0,"Loss":1,"lea":5560,"Previous_Election_won":0.0,"Percentage_of_change":0.0,"Total_Votes":3618},{"State":"Chandigarh","Party":"National Janhit Congress (AB)","Total_no_of_seats":2,"Won":0,"Loss":2,"lea":7610,"Previous_Election_won":0.0,"Percentage_of_change":0.0,"Total_Votes":2196},{"State":"Chhattisgarh","Party":"National Lokmat Party","Total_no_of_seats":1,"Won":0,"Loss":1,"lea":307,"Previous_Election_won":0.0,"Percentage_of_change":0.0,"Total_Votes":3072},{"State":"Dadra & Nagar Haveli","Party":"National Loktantrik Party","Total_no_of_seats":7,"Won":0,"Loss":7,"lea":24890,"Previous_Election_won":0.0,"Percentage_of_change":0.0,"Total_Votes":11174},{"State":"Daman & Diu","Party":"National Organisation Congress","Total_no_of_seats":2,"Won":0,"Loss":2,"lea":42351,"Previous_Election_won":0.0,"Percentage_of_change":0.0,"Total_Votes":1202},{"State":"Goa","Party":"National Party","Total_no_of_seats":1,"Won":0,"Loss":1,"lea":25115,"Previous_Election_won":0.0,"Percentage_of_change":0.0,"Total_Votes":791},{"State":"Gujarat","Party":"National Tiger Party","Total_no_of_seats":1,"Won":0,"Loss":1,"lea":3797,"Previous_Election_won":0.0,"Percentage_of_change":0.0,"Total_Votes":3251},{"State":"Haryana","Party":"National Unionist Zamindara Party","Total_no_of_seats":3,"Won":0,"Loss":3,"lea":50409,"Previous_Election_won":2.0,"Percentage_of_change":0.02,"Total_Votes":124990},{"State":"Himachal Pradesh","Party":"National Youth Party","Total_no_of_seats":2,"Won":0,"Loss":2,"lea":1834,"Previous_Election_won":0.0,"Percentage_of_change":0.0,"Total_Votes":1176},{"State":"Jammu & Kashmir","Party":"Nav Bharat Democratic Party","Total_no_of_seats":9,"Won":0,"Loss":9,"lea":10478,"Previous_Election_won":0.0,"Percentage_of_change":0.0,"Total_Votes":16153},{"State":"Jharkhand","Party":"Nava Bharat National Party","Total_no_of_seats":1,"Won":0,"Loss":1,"lea":15841,"Previous_Election_won":0.0,"Percentage_of_change":0.0,"Total_Votes":485},{"State":"Karnataka","Party":"Navbharat Nirman Party","Total_no_of_seats":1,"Won":0,"Loss":1,"lea":21073,"Previous_Election_won":0.0,"Percentage_of_change":0.0,"Total_Votes":441},{"State":"Kerala","Party":"Navodyam Party","Total_no_of_seats":1,"Won":0,"Loss":1,"lea":28310,"Previous_Election_won":0.0,"Percentage_of_change":0.0,"Total_Votes":1455},{"State":"Lakshadweep","Party":"Naya Daur Party","Total_no_of_seats":12,"Won":0,"Loss":12,"lea":25830,"Previous_Election_won":0.0,"Percentage_of_change":0.0,"Total_Votes":15965},{"State":"Madhya Pradesh","Party":"Nehru Janhit Congress","Total_no_of_seats":1,"Won":0,"Loss":1,"lea":42656,"Previous_Election_won":0.0,"Percentage_of_change":0.0,"Total_Votes":1463},{"State":"Andaman & Nicobar Islands","Party":"New All India Congress Party","Total_no_of_seats":3,"Won":0,"Loss":3,"lea":13209,"Previous_Election_won":0.0,"Percentage_of_change":0.0,"Total_Votes":3778},{"State":"Andhra Pradesh","Party":"New India Party","Total_no_of_seats":2,"Won":0,"Loss":2,"lea":9251,"Previous_Election_won":0.0,"Percentage_of_change":0.0,"Total_Votes":5082},{"State":"Arunachal Pradesh","Party":"Nirjatita Samaj Biplabi Party","Total_no_of_seats":1,"Won":0,"Loss":1,"lea":34290,"Previous_Election_won":0.0,"Percentage_of_change":0.0,"Total_Votes":3829},{"State":"Assam","Party":"Odisha Jan Morcha","Total_no_of_seats":3,"Won":0,"Loss":3,"lea":35367,"Previous_Election_won":1.0,"Percentage_of_change":0.01,"Total_Votes":44397},{"State":"Bihar","Party":"Parcham Party of India","Total_no_of_seats":1,"Won":0,"Loss":1,"lea":234,"Previous_Election_won":0.0,"Percentage_of_change":0.0,"Total_Votes":4082},{"State":"Chandigarh","Party":"Parivartan Samaj Party","Total_no_of_seats":1,"Won":0,"Loss":1,"lea":41881,"Previous_Election_won":0.0,"Percentage_of_change":0.0,"Total_Votes":433},{"State":"Chhattisgarh","Party":"Party for Democratic Socialism","Total_no_of_seats":7,"Won":0,"Loss":7,"lea":5334,"Previous_Election_won":0.0,"Percentage_of_change":0.0,"Total_Votes":22267},{"State":"Dadra & Nagar Haveli","Party":"Paschimanchal Vikas Party","Total_no_of_seats":2,"Won":0,"Loss":2,"lea":41127,"Previous_Election_won":1.0,"Percentage_of_change":0.01,"Total_Votes":28775},{"State":"Daman & Diu","Party":"Peace Party","Total_no_of_seats":51,"Won":0,"Loss":51,"lea":38113,"Previous_Election_won":9.0,"Percentage_of_change":0.09,"Total_Votes":518726},{"State":"Goa","Party":"Peasants And Workers Party of India","Total_no_of_seats":3,"Won":0,"Loss":3,"lea":29508,"Previous_Election_won":9.0,"Percentage_of_change":0.09,"Total_Votes":497721},{"State":"Gujarat","Party":"People's Party of India(secular)","Total_no_of_seats":1,"Won":0,"Loss":1,"lea":24327,"Previous_Election_won":0.0,"Percentage_of_change":0.0,"Total_Votes":331},{"State":"Haryana","Party":"Peoples Guardian","Total_no_of_seats":1,"Won":0,"Loss":1,"lea":48948,"Previous_Election_won":0.0,"Percentage_of_change":0.0,"Total_Votes":7222},{"State":"Himachal Pradesh","Party":"Poorvanchal Rashtriya Congress","Total_no_of_seats":4,"Won":0,"Loss":4,"lea":1111,"Previous_Election_won":0.0,"Percentage_of_change":0.0,"Total_Votes":4852},{"State":"Jammu & Kashmir","Party":"Prabuddha Republican Party","Total_no_of_seats":11,"Won":0,"Loss":11,"lea":21645,"Previous_Election_won":0.0,"Percentage_of_change":0.0,"Total_Votes":19470},{"State":"Jharkhand","Party":"Pragatisheel Magahi Samaj","Total_no_of_seats":1,"Won":0,"Loss":1,"lea":20876,"Previous_Election_won":0.0,"Percentage_of_change":0.0,"Total_Votes":3076},{"State":"Karnataka","Party":"Pragatisheel Manav Samaj Party","Total_no_of_seats":9,"Won":0,"Loss":9,"lea":47614,"Previous_Election_won":1.0,"Percentage_of_change":0.01,"Total_Votes":39038},{"State":"Kerala","Party":"Pragatisheel Samaj Party","Total_no_of_seats":2,"Won":0,"Loss":2,"lea":35472,"Previous_Election_won":0.0,"Percentage_of_change":0.0,"Total_Votes":4052},{"State":"Lakshadweep","Party":"Prajatantra Aadhar Party","Total_no_of_seats":1,"Won":0,"Loss":1,"lea":9701,"Previous_Election_won":0.0,"Percentage_of_change":0.0,"Total_Votes":698},{"State":"Madhya Pradesh","Party":"Prajatantrik Samadhan Party","Total_no_of_seats":5,"Won":0,"Loss":5,"lea":138218,"Previous_Election_won":0.0,"Percentage_of_change":0.0,"Total_Votes":21284},{"State":"Andaman & Nicobar Islands","Party":"Prem Janata Dal","Total_no_of_seats":3,"Won":0,"Loss":3,"lea":32402,"Previous_Election_won":1.0,"Percentage_of_change":0.01,"Total_Votes":28681},{"State":"Andhra Pradesh","Party":"Prism","Total_no_of_seats":1,"Won":0,"Loss":1,"lea":9476,"Previous_Election_won":0.0,"Percentage_of_change":0.0,"Total_Votes":2694},{"State":"Arunachal Pradesh","Party":"Proutist Bloc, India","Total_no_of_seats":3,"Won":0,"Loss":3,"lea":68025,"Previous_Election_won":0.0,"Percentage_of_change":0.0,"Total_Votes":6509},{"State":"Assam","Party":"Proutist Sarva Samaj","Total_no_of_seats":4,"Won":0,"Loss":4,"lea":7104,"Previous_Election_won":0.0,"Percentage_of_change":0.0,"Total_Votes":15368},{"State":"Bihar","Party":"Punjab Labour Party","Total_no_of_seats":1,"Won":0,"Loss":1,"lea":40655,"Previous_Election_won":0.0,"Percentage_of_change":0.0,"Total_Votes":1386},{"State":"Chandigarh","Party":"Puthiya Tamilagam","Total_no_of_seats":1,"Won":0,"Loss":1,"lea":203,"Previous_Election_won":5.0,"Percentage_of_change":0.05,"Total_Votes":262812},{"State":"Chhattisgarh","Party":"Pyramid Party of India","Total_no_of_seats":38,"Won":0,"Loss":38,"lea":11425,"Previous_Election_won":3.0,"Percentage_of_change":0.03,"Total_Votes":185449},{"State":"Dadra & Nagar Haveli","Party":"Qaumi Ekta Dal","Total_no_of_seats":9,"Won":0,"Loss":9,"lea":10553,"Previous_Election_won":6.0,"Percentage_of_change":0.06,"Total_Votes":354578},{"State":"Daman & Diu","Party":"Rajasthan Vikas Party","Total_no_of_seats":3,"Won":0,"Loss":3,"lea":12628,"Previous_Election_won":0.0,"Percentage_of_change":0.0,"Total_Votes":8152},{"State":"Goa","Party":"Rajnaitik Vikalp Party","Total_no_of_seats":6,"Won":0,"Loss":6,"lea":24610,"Previous_Election_won":1.0,"Percentage_of_change":0.01,"Total_Votes":38992},{"State":"Gujarat","Party":"Rajyadhikara Party","Total_no_of_seats":1,"Won":0,"Loss":1,"lea":473,"Previous_Election_won":0.0,"Percentage_of_change":0.0,"Total_Votes":4112},{"State":"Haryana","Party":"Rani Chennamma Party","Total_no_of_seats":2,"Won":0,"Loss":2,"lea":13561,"Previous_Election_won":0.0,"Percentage_of_change":0.0,"Total_Votes":2803},{"State":"Himachal Pradesh","Party":"Rashtra Sewa Dal","Total_no_of_seats":1,"Won":0,"Loss":1,"lea":771,"Previous_Election_won":0.0,"Percentage_of_change":0.0,"Total_Votes":6994},{"State":"Jammu & Kashmir","Party":"Rashtravadi Janata Party","Total_no_of_seats":5,"Won":0,"Loss":5,"lea":6297,"Previous_Election_won":0.0,"Percentage_of_change":0.0,"Total_Votes":8713},{"State":"Jharkhand","Party":"Rashtrawadi Parivartan Party (L.B,)","Total_no_of_seats":1,"Won":0,"Loss":1,"lea":17247,"Previous_Election_won":0.0,"Percentage_of_change":0.0,"Total_Votes":1195},{"State":"Karnataka","Party":"Rashtrawadi Samaj Party","Total_no_of_seats":2,"Won":0,"Loss":2,"lea":3984,"Previous_Election_won":0.0,"Percentage_of_change":0.0,"Total_Votes":2181},{"State":"Kerala","Party":"Rashtriya Aam Party","Total_no_of_seats":2,"Won":0,"Loss":2,"lea":47924,"Previous_Election_won":0.0,"Percentage_of_change":0.0,"Total_Votes":3408},{"State":"Lakshadweep","Party":"Rashtriya Ahinsa Manch","Total_no_of_seats":7,"Won":0,"Loss":7,"lea":2921,"Previous_Election_won":0.0,"Percentage_of_change":0.0,"Total_Votes":13185},{"State":"Madhya Pradesh","Party":"Rashtriya Ambedkar Dal","Total_no_of_seats":1,"Won":0,"Loss":1,"lea":39316,"Previous_Election_won":0.0,"Percentage_of_change":0.0,"Total_Votes":4327},{"State":"Bihar","Party":"Rashtriya Apna Dal","Total_no_of_seats":3,"Won":0,"Loss":3,"lea":53235,"Previous_Election_won":0.0,"Percentage_of_change":0.0,"Total_Votes":12366},{"State":"Chandigarh","Party":"Rashtriya Bahujan Congress Party","Total_no_of_seats":2,"Won":0,"Loss":2,"lea":8601,"Previous_Election_won":0.0,"Percentage_of_change":0.0,"Total_Votes":5799},{"State":"Chhattisgarh","Party":"Rashtriya Bahujan Hitay Party","Total_no_of_seats":3,"Won":0,"Loss":3,"lea":47269,"Previous_Election_won":0.0,"Percentage_of_change":0.0,"Total_Votes":1842},{"State":"Dadra & Nagar Haveli","Party":"Rashtriya Bandhutwa Party","Total_no_of_seats":1,"Won":0,"Loss":1,"lea":45014,"Previous_Election_won":0.0,"Percentage_of_change":0.0,"Total_Votes":1521},{"State":"Daman & Diu","Party":"Rashtriya Congress (Babu Jagjivanram)","Total_no_of_seats":2,"Won":0,"Loss":2,"lea":32955,"Previous_Election_won":0.0,"Percentage_of_change":0.0,"Total_Votes":4527},{"State":"Goa","Party":"Rashtriya Congress(J) Party","Total_no_of_seats":1,"Won":0,"Loss":1,"lea":5837,"Previous_Election_won":0.0,"Percentage_of_change":0.0,"Total_Votes":7650},{"State":"Gujarat","Party":"Rashtriya Deshaj Party","Total_no_of_seats":4,"Won":0,"Loss":4,"lea":23449,"Previous_Election_won":1.0,"Percentage_of_change":0.01,"Total_Votes":38322},{"State":"Haryana","Party":"Rashtriya Ekta Party","Total_no_of_seats":1,"Won":0,"Loss":1,"lea":33662,"Previous_Election_won":0.0,"Percentage_of_change":0.0,"Total_Votes":601},{"State":"Himachal Pradesh","Party":"Rashtriya Garib Dal","Total_no_of_seats":1,"Won":0,"Loss":1,"lea":26306,"Previous_Election_won":0.0,"Percentage_of_change":0.0,"Total_Votes":1111},{"State":"Jammu & Kashmir","Party":"Rashtriya Gondvana Party","Total_no_of_seats":2,"Won":0,"Loss":2,"lea":22974,"Previous_Election_won":0.0,"Percentage_of_change":0.0,"Total_Votes":10142},{"State":"Jharkhand","Party":"Rashtriya Indepndent Morcha","Total_no_of_seats":1,"Won":0,"Loss":1,"lea":6963,"Previous_Election_won":0.0,"Percentage_of_change":0.0,"Total_Votes":16299},{"State":"Karnataka","Party":"Rashtriya Jan-Jagram Morcha","Total_no_of_seats":1,"Won":0,"Loss":1,"lea":14474,"Previous_Election_won":0.0,"Percentage_of_change":0.0,"Total_Votes":7147},{"State":"Kerala","Party":"Rashtriya Janadhikar Party","Total_no_of_seats":1,"Won":0,"Loss":1,"lea":105537,"Previous_Election_won":0.0,"Percentage_of_change":0.0,"Total_Votes":415},{"State":"Lakshadweep","Party":"Rashtriya Janadhikar Suraksha Party","Total_no_of_seats":8,"Won":0,"Loss":8,"lea":1692,"Previous_Election_won":1.0,"Percentage_of_change":0.01,"Total_Votes":32514},{"State":"Madhya Pradesh","Party":"Rashtriya Janasachetan Party (R.J.P.)","Total_no_of_seats":7,"Won":0,"Loss":7,"lea":23922,"Previous_Election_won":0.0,"Percentage_of_change":0.0,"Total_Votes":18206},{"State":"Maharashtra","Party":"Rashtriya Jankranti Morcha","Total_no_of_seats":1,"Won":0,"Loss":1,"lea":22216,"Previous_Election_won":0.0,"Percentage_of_change":0.0,"Total_Votes":4647},{"State":"Manipur","Party":"Rashtriya Jankranti Party","Total_no_of_seats":1,"Won":0,"Loss":1,"lea":29294,"Previous_Election_won":0.0,"Percentage_of_change":0.0,"Total_Votes":217},{"State":"Meghalaya","Party":"Rashtriya Janmorcha","Total_no_of_seats":2,"Won":0,"Loss":2,"lea":6699,"Previous_Election_won":0.0,"Percentage_of_change":0.0,"Total_Votes":1145},{"State":"Mizoram","Party":"Rashtriya Janpriya Party","Total_no_of_seats":1,"Won":0,"Loss":1,"lea":24307,"Previous_Election_won":0.0,"Percentage_of_change":0.0,"Total_Votes":4117},{"State":"Nagaland","Party":"Rashtriya Janshakti Party(Eklavya)","Total_no_of_seats":1,"Won":0,"Loss":1,"lea":7998,"Previous_Election_won":0.0,"Percentage_of_change":0.0,"Total_Votes":2654},{"State":"NCT OF Delhi","Party":"Rashtriya Janshanti Party","Total_no_of_seats":1,"Won":0,"Loss":1,"lea":24070,"Previous_Election_won":0.0,"Percentage_of_change":0.0,"Total_Votes":1571},{"State":"Odisha","Party":"Rashtriya Janta Party","Total_no_of_seats":1,"Won":0,"Loss":1,"lea":103390,"Previous_Election_won":0.0,"Percentage_of_change":0.0,"Total_Votes":1526},{"State":"Puducherry","Party":"Rashtriya Janwadi Party (Krantikari)","Total_no_of_seats":5,"Won":0,"Loss":5,"lea":13079,"Previous_Election_won":0.0,"Percentage_of_change":0.0,"Total_Votes":10797},{"State":"Punjab","Party":"Rashtriya Jatigat Aarakshan Virodhi Party","Total_no_of_seats":1,"Won":0,"Loss":1,"lea":42507,"Previous_Election_won":0.0,"Percentage_of_change":0.0,"Total_Votes":259},{"State":"Rajasthan","Party":"Rashtriya Karmyog Party","Total_no_of_seats":2,"Won":0,"Loss":2,"lea":80896,"Previous_Election_won":0.0,"Percentage_of_change":0.0,"Total_Votes":2096},{"State":"Sikkim","Party":"Rashtriya Komi Ekta Party","Total_no_of_seats":1,"Won":0,"Loss":1,"lea":29529,"Previous_Election_won":0.0,"Percentage_of_change":0.0,"Total_Votes":1254},{"State":"Tamil Nadu","Party":"Rashtriya Kranti Party","Total_no_of_seats":4,"Won":0,"Loss":4,"lea":6231,"Previous_Election_won":0.0,"Percentage_of_change":0.0,"Total_Votes":4112},{"State":"Tripura","Party":"Rashtriya Krantikari Samajwadi Party","Total_no_of_seats":9,"Won":0,"Loss":9,"lea":25691,"Previous_Election_won":1.0,"Percentage_of_change":0.01,"Total_Votes":46756},{"State":"Uttar Pradesh","Party":"Rashtriya Lok Samta Party","Total_no_of_seats":4,"Won":3,"Loss":1,"lea":25485,"Previous_Election_won":16.0,"Percentage_of_change":0.19,"Total_Votes":1078473},{"State":"Uttarakhand","Party":"Rashtriya mahan Gantantra Party","Total_no_of_seats":3,"Won":0,"Loss":3,"lea":3543,"Previous_Election_won":0.0,"Percentage_of_change":0.0,"Total_Votes":2872},{"State":"West Bengal","Party":"Rashtriya Manav samman Party","Total_no_of_seats":1,"Won":0,"Loss":1,"lea":7034,"Previous_Election_won":0.0,"Percentage_of_change":0.0,"Total_Votes":1572},{"State":"Bihar","Party":"RASHTRIYA MORCHA PARTY","Total_no_of_seats":1,"Won":0,"Loss":1,"lea":14489,"Previous_Election_won":0.0,"Percentage_of_change":0.0,"Total_Votes":927},{"State":"Chandigarh","Party":"Rashtriya Naujawan Dal","Total_no_of_seats":2,"Won":0,"Loss":2,"lea":42411,"Previous_Election_won":0.0,"Percentage_of_change":0.0,"Total_Votes":6192},{"State":"Chhattisgarh","Party":"Rashtriya Parivartan Dal","Total_no_of_seats":2,"Won":0,"Loss":2,"lea":38160,"Previous_Election_won":2.0,"Percentage_of_change":0.02,"Total_Votes":95644},{"State":"Dadra & Nagar Haveli","Party":"Rashtriya Praja Congress  (Secular)","Total_no_of_seats":2,"Won":0,"Loss":2,"lea":18329,"Previous_Election_won":0.0,"Percentage_of_change":0.0,"Total_Votes":2025},{"State":"Daman & Diu","Party":"Rashtriya Rashtrawadi Party","Total_no_of_seats":1,"Won":0,"Loss":1,"lea":22382,"Previous_Election_won":0.0,"Percentage_of_change":0.0,"Total_Votes":2225},{"State":"Goa","Party":"Rashtriya Samaj Paksha","Total_no_of_seats":5,"Won":0,"Loss":5,"lea":7312,"Previous_Election_won":8.0,"Percentage_of_change":0.08,"Total_Votes":458580},{"State":"Gujarat","Party":"Rashtriya Samanta Dal","Total_no_of_seats":8,"Won":0,"Loss":8,"lea":59365,"Previous_Election_won":1.0,"Percentage_of_change":0.01,"Total_Votes":30880},{"State":"Haryana","Party":"Rashtriya Sant Sandesh Party","Total_no_of_seats":1,"Won":0,"Loss":1,"lea":100856,"Previous_Election_won":0.0,"Percentage_of_change":0.0,"Total_Votes":3283},{"State":"Himachal Pradesh","Party":"Rashtriya Sarvajan Party","Total_no_of_seats":1,"Won":0,"Loss":1,"lea":25181,"Previous_Election_won":0.0,"Percentage_of_change":0.0,"Total_Votes":4215},{"State":"Jammu & Kashmir","Party":"Rashtriya Sawarn Dal","Total_no_of_seats":1,"Won":0,"Loss":1,"lea":59163,"Previous_Election_won":0.0,"Percentage_of_change":0.0,"Total_Votes":665},{"State":"Jharkhand","Party":"Rashtriya Shoshit Samaj Party","Total_no_of_seats":1,"Won":0,"Loss":1,"lea":269,"Previous_Election_won":0.0,"Percentage_of_change":0.0,"Total_Votes":1054},{"State":"Karnataka","Party":"Rashtriya Ulama Council","Total_no_of_seats":8,"Won":0,"Loss":8,"lea":1662,"Previous_Election_won":1.0,"Percentage_of_change":0.01,"Total_Votes":56324},{"State":"Kerala","Party":"Rashtriya Uttarakhand Party","Total_no_of_seats":1,"Won":0,"Loss":1,"lea":22824,"Previous_Election_won":0.0,"Percentage_of_change":0.0,"Total_Votes":1629},{"State":"Lakshadweep","Party":"Rashtriya Vikas Manch Party","Total_no_of_seats":1,"Won":0,"Loss":1,"lea":18192,"Previous_Election_won":0.0,"Percentage_of_change":0.0,"Total_Votes":1434},{"State":"Madhya Pradesh","Party":"Rashtriya Vikas Party","Total_no_of_seats":1,"Won":0,"Loss":1,"lea":36865,"Previous_Election_won":0.0,"Percentage_of_change":0.0,"Total_Votes":2396},{"State":"Maharashtra","Party":"RASHTRIYA VIKLANG PARTY","Total_no_of_seats":2,"Won":0,"Loss":2,"lea":4572,"Previous_Election_won":0.0,"Percentage_of_change":0.0,"Total_Votes":2958},{"State":"Manipur","Party":"Rastriya Insaaf Party","Total_no_of_seats":2,"Won":0,"Loss":2,"lea":13630,"Previous_Election_won":0.0,"Percentage_of_change":0.0,"Total_Votes":4219},{"State":"Meghalaya","Party":"Rayalaseema Parirakshana Samithi","Total_no_of_seats":1,"Won":0,"Loss":1,"lea":4441,"Previous_Election_won":0.0,"Percentage_of_change":0.0,"Total_Votes":4521},{"State":"Mizoram","Party":"Regional Democratic Secular Congress","Total_no_of_seats":2,"Won":0,"Loss":2,"lea":35063,"Previous_Election_won":0.0,"Percentage_of_change":0.0,"Total_Votes":10800},{"State":"Nagaland","Party":"Republican Backward Congress","Total_no_of_seats":1,"Won":0,"Loss":1,"lea":836,"Previous_Election_won":0.0,"Percentage_of_change":0.0,"Total_Votes":6265},{"State":"NCT OF Delhi","Party":"Republican Bahujan Sena","Total_no_of_seats":2,"Won":0,"Loss":2,"lea":90979,"Previous_Election_won":0.0,"Percentage_of_change":0.0,"Total_Votes":2910},{"State":"Odisha","Party":"Republican Paksha (Khoripa)","Total_no_of_seats":8,"Won":0,"Loss":8,"lea":8052,"Previous_Election_won":1.0,"Percentage_of_change":0.01,"Total_Votes":70924},{"State":"Puducherry","Party":"Republican Party of India","Total_no_of_seats":16,"Won":0,"Loss":16,"lea":56315,"Previous_Election_won":2.0,"Percentage_of_change":0.02,"Total_Votes":94802},{"State":"Punjab","Party":"Republican Party of India (A)","Total_no_of_seats":44,"Won":0,"Loss":44,"lea":76353,"Previous_Election_won":4.0,"Percentage_of_change":0.04,"Total_Votes":199848},{"State":"Rajasthan","Party":"Republican Party of India (Khobragade)","Total_no_of_seats":8,"Won":0,"Loss":8,"lea":25723,"Previous_Election_won":0.0,"Percentage_of_change":0.0,"Total_Votes":23110},{"State":"Sikkim","Party":"Republican Party of India Ektavadi","Total_no_of_seats":1,"Won":0,"Loss":1,"lea":18543,"Previous_Election_won":0.0,"Percentage_of_change":0.0,"Total_Votes":910},{"State":"Tamil Nadu","Party":"Revolutionary Socialist Party of Kerala  (Bolshevik) RSP.B","Total_no_of_seats":1,"Won":0,"Loss":1,"lea":25887,"Previous_Election_won":1.0,"Percentage_of_change":0.01,"Total_Votes":43051},{"State":"Tripura","Party":"Samaikya Telugu Rajyam","Total_no_of_seats":1,"Won":0,"Loss":1,"lea":7711,"Previous_Election_won":0.0,"Percentage_of_change":0.0,"Total_Votes":6517},{"State":"Uttar Pradesh","Party":"Samaikyandhra Parirakshana Samithi","Total_no_of_seats":2,"Won":0,"Loss":2,"lea":2816,"Previous_Election_won":0.0,"Percentage_of_change":0.0,"Total_Votes":4870},{"State":"Uttarakhand","Party":"Samajwadi Jan Parishad","Total_no_of_seats":2,"Won":0,"Loss":2,"lea":21535,"Previous_Election_won":0.0,"Percentage_of_change":0.0,"Total_Votes":10008},{"State":"West Bengal","Party":"Samajwadi Janata Party (Rashtriya)","Total_no_of_seats":13,"Won":0,"Loss":13,"lea":6090,"Previous_Election_won":1.0,"Percentage_of_change":0.01,"Total_Votes":59756},{"State":"Bihar","Party":"Samajwadi Samaj Party","Total_no_of_seats":1,"Won":0,"Loss":1,"lea":19987,"Previous_Election_won":0.0,"Percentage_of_change":0.0,"Total_Votes":4947},{"State":"Chandigarh","Party":"Samata Kranti Dal","Total_no_of_seats":5,"Won":0,"Loss":5,"lea":43178,"Previous_Election_won":0.0,"Percentage_of_change":0.0,"Total_Votes":20910},{"State":"Chhattisgarh","Party":"Samata Party","Total_no_of_seats":10,"Won":0,"Loss":10,"lea":30939,"Previous_Election_won":0.0,"Percentage_of_change":0.0,"Total_Votes":21635},{"State":"Dadra & Nagar Haveli","Party":"Samata Samadhan Party","Total_no_of_seats":6,"Won":0,"Loss":6,"lea":24179,"Previous_Election_won":0.0,"Percentage_of_change":0.0,"Total_Votes":16501},{"State":"Daman & Diu","Party":"Samruddha Odisha","Total_no_of_seats":2,"Won":0,"Loss":2,"lea":9328,"Previous_Election_won":0.0,"Percentage_of_change":0.0,"Total_Votes":9794},{"State":"Goa","Party":"Samta Vikas Party","Total_no_of_seats":1,"Won":0,"Loss":1,"lea":67504,"Previous_Election_won":0.0,"Percentage_of_change":0.0,"Total_Votes":763},{"State":"Gujarat","Party":"Samtawadi Republican Party","Total_no_of_seats":5,"Won":0,"Loss":5,"lea":46265,"Previous_Election_won":0.0,"Percentage_of_change":0.0,"Total_Votes":9561},{"State":"Haryana","Party":"Samyak Parivartan Party","Total_no_of_seats":10,"Won":0,"Loss":10,"lea":13817,"Previous_Election_won":1.0,"Percentage_of_change":0.01,"Total_Votes":30805},{"State":"Himachal Pradesh","Party":"Sanatan Sanskriti Raksha Dal","Total_no_of_seats":4,"Won":0,"Loss":4,"lea":7696,"Previous_Election_won":0.0,"Percentage_of_change":0.0,"Total_Votes":7115},{"State":"Jammu & Kashmir","Party":"Sankhyanupati Bhagidari Party","Total_no_of_seats":5,"Won":0,"Loss":5,"lea":357,"Previous_Election_won":0.0,"Percentage_of_change":0.0,"Total_Votes":16078},{"State":"Jharkhand","Party":"Sanyukt Samajwadi Dal","Total_no_of_seats":2,"Won":0,"Loss":2,"lea":18457,"Previous_Election_won":0.0,"Percentage_of_change":0.0,"Total_Votes":6788},{"State":"Karnataka","Party":"Sardar Vallabhbhai Patel Party","Total_no_of_seats":1,"Won":0,"Loss":1,"lea":9844,"Previous_Election_won":0.0,"Percentage_of_change":0.0,"Total_Votes":394},{"State":"Kerala","Party":"Sarva Janata Party","Total_no_of_seats":7,"Won":0,"Loss":7,"lea":41451,"Previous_Election_won":0.0,"Percentage_of_change":0.0,"Total_Votes":15474},{"State":"Lakshadweep","Party":"Sarva Samaj Kalyan Party","Total_no_of_seats":4,"Won":0,"Loss":4,"lea":5509,"Previous_Election_won":0.0,"Percentage_of_change":0.0,"Total_Votes":10239},{"State":"Madhya Pradesh","Party":"Sarvajan Kalyan Loktantrik Party","Total_no_of_seats":4,"Won":0,"Loss":4,"lea":74341,"Previous_Election_won":0.0,"Percentage_of_change":0.0,"Total_Votes":19253},{"State":"Maharashtra","Party":"SARVAJAN SAMAJ PARTY (D)","Total_no_of_seats":3,"Won":0,"Loss":3,"lea":37101,"Previous_Election_won":0.0,"Percentage_of_change":0.0,"Total_Votes":6681},{"State":"Manipur","Party":"Sarvshreshth Dal","Total_no_of_seats":1,"Won":0,"Loss":1,"lea":12622,"Previous_Election_won":0.0,"Percentage_of_change":0.0,"Total_Votes":2329},{"State":"Meghalaya","Party":"Shakti Sena (Bharat Desh)","Total_no_of_seats":2,"Won":0,"Loss":2,"lea":16345,"Previous_Election_won":0.0,"Percentage_of_change":0.0,"Total_Votes":4465},{"State":"Mizoram","Party":"Shiromani Akali Dal (Amritsar)(Simranjit Singh Mann)","Total_no_of_seats":9,"Won":0,"Loss":9,"lea":36497,"Previous_Election_won":1.0,"Percentage_of_change":0.01,"Total_Votes":35516},{"State":"Nagaland","Party":"Shivrajya Party","Total_no_of_seats":1,"Won":0,"Loss":1,"lea":67084,"Previous_Election_won":0.0,"Percentage_of_change":0.0,"Total_Votes":944},{"State":"NCT OF Delhi","Party":"Shoshit Samaj Dal","Total_no_of_seats":4,"Won":0,"Loss":4,"lea":37760,"Previous_Election_won":0.0,"Percentage_of_change":0.0,"Total_Votes":16446},{"State":"Odisha","Party":"Shoshit Sandesh Party","Total_no_of_seats":1,"Won":0,"Loss":1,"lea":19151,"Previous_Election_won":0.0,"Percentage_of_change":0.0,"Total_Votes":2982},{"State":"Puducherry","Party":"Shramajeevi Party","Total_no_of_seats":1,"Won":0,"Loss":1,"lea":2180,"Previous_Election_won":0.0,"Percentage_of_change":0.0,"Total_Votes":8003},{"State":"Punjab","Party":"Sikkim Krantikari Morcha","Total_no_of_seats":1,"Won":0,"Loss":1,"lea":5028,"Previous_Election_won":2.0,"Percentage_of_change":0.02,"Total_Votes":121956},{"State":"Rajasthan","Party":"Social Action Party","Total_no_of_seats":1,"Won":0,"Loss":1,"lea":24487,"Previous_Election_won":0.0,"Percentage_of_change":0.0,"Total_Votes":682},{"State":"Sikkim","Party":"SOCIAL DEMOCRATIC PARTY OF INDIA","Total_no_of_seats":29,"Won":0,"Loss":29,"lea":30315,"Previous_Election_won":7.0,"Percentage_of_change":0.07,"Total_Votes":396522},{"State":"Tamil Nadu","Party":"Socialist Janata (Democratic)","Total_no_of_seats":1,"Won":0,"Loss":1,"lea":43162,"Previous_Election_won":6.0,"Percentage_of_change":0.06,"Total_Votes":307597},{"State":"Tripura","Party":"Socialist Party (India)","Total_no_of_seats":16,"Won":0,"Loss":16,"lea":217,"Previous_Election_won":1.0,"Percentage_of_change":0.01,"Total_Votes":41516},{"State":"Uttar Pradesh","Party":"Socialist Party (Lohia)","Total_no_of_seats":1,"Won":0,"Loss":1,"lea":34790,"Previous_Election_won":0.0,"Percentage_of_change":0.0,"Total_Votes":1997},{"State":"Uttarakhand","Party":"Socialist Republican Party","Total_no_of_seats":2,"Won":0,"Loss":2,"lea":13155,"Previous_Election_won":0.0,"Percentage_of_change":0.0,"Total_Votes":6512},{"State":"West Bengal","Party":"SOCIALIST UNITY CENTRE OF INDIA (COMMUNIST)","Total_no_of_seats":80,"Won":0,"Loss":80,"lea":20578,"Previous_Election_won":9.0,"Percentage_of_change":0.09,"Total_Votes":520959},{"State":"Bihar","Party":"Socialistic Democratic Party","Total_no_of_seats":2,"Won":0,"Loss":2,"lea":14733,"Previous_Election_won":0.0,"Percentage_of_change":0.0,"Total_Votes":17435},{"State":"Chandigarh","Party":"Suheldev Bhartiya Samaj Party","Total_no_of_seats":13,"Won":0,"Loss":13,"lea":107215,"Previous_Election_won":2.0,"Percentage_of_change":0.02,"Total_Votes":118947},{"State":"Chhattisgarh","Party":"Swabhimani Paksha","Total_no_of_seats":2,"Won":1,"Loss":1,"lea":9533,"Previous_Election_won":19.0,"Percentage_of_change":0.2,"Total_Votes":1105073},{"State":"Dadra & Nagar Haveli","Party":"Swaraj (J)","Total_no_of_seats":3,"Won":0,"Loss":3,"lea":8676,"Previous_Election_won":0.0,"Percentage_of_change":0.0,"Total_Votes":14152},{"State":"Daman & Diu","Party":"Swarajya Party Of India","Total_no_of_seats":4,"Won":0,"Loss":4,"lea":39512,"Previous_Election_won":0.0,"Percentage_of_change":0.0,"Total_Votes":11361},{"State":"Goa","Party":"Swatantra Samaj Party","Total_no_of_seats":1,"Won":0,"Loss":1,"lea":10935,"Previous_Election_won":0.0,"Percentage_of_change":0.0,"Total_Votes":4016},{"State":"Gujarat","Party":"Tamil Nadu Makkal Congress","Total_no_of_seats":10,"Won":0,"Loss":10,"lea":68731,"Previous_Election_won":1.0,"Percentage_of_change":0.01,"Total_Votes":49038},{"State":"Haryana","Party":"Telangana Communist Party of India","Total_no_of_seats":1,"Won":0,"Loss":1,"lea":33953,"Previous_Election_won":0.0,"Percentage_of_change":0.0,"Total_Votes":2311},{"State":"Himachal Pradesh","Party":"Telangana Loksatta Party","Total_no_of_seats":2,"Won":0,"Loss":2,"lea":8184,"Previous_Election_won":0.0,"Percentage_of_change":0.0,"Total_Votes":2568},{"State":"Jammu & Kashmir","Party":"The Lok Party of India","Total_no_of_seats":4,"Won":0,"Loss":4,"lea":8484,"Previous_Election_won":0.0,"Percentage_of_change":0.0,"Total_Votes":5804},{"State":"Jharkhand","Party":"The Religion of Man Revolving Political Party of India","Total_no_of_seats":1,"Won":0,"Loss":1,"lea":34974,"Previous_Election_won":0.0,"Percentage_of_change":0.0,"Total_Votes":1071},{"State":"Karnataka","Party":"Thrinamool Tamil Nadu Congress","Total_no_of_seats":1,"Won":0,"Loss":1,"lea":4448,"Previous_Election_won":0.0,"Percentage_of_change":0.0,"Total_Votes":474},{"State":"Kerala","Party":"Tripura Pragatishil Gramin Congress","Total_no_of_seats":2,"Won":0,"Loss":2,"lea":5495,"Previous_Election_won":0.0,"Percentage_of_change":0.0,"Total_Votes":8952},{"State":"Lakshadweep","Party":"Ulzaipali Makkal Katchy","Total_no_of_seats":8,"Won":0,"Loss":8,"lea":76903,"Previous_Election_won":0.0,"Percentage_of_change":0.0,"Total_Votes":9194},{"State":"Madhya Pradesh","Party":"Union Party of India","Total_no_of_seats":1,"Won":0,"Loss":1,"lea":82261,"Previous_Election_won":0.0,"Percentage_of_change":0.0,"Total_Votes":944},{"State":"Maharashtra","Party":"United Communist Party of India","Total_no_of_seats":3,"Won":0,"Loss":3,"lea":42684,"Previous_Election_won":0.0,"Percentage_of_change":0.0,"Total_Votes":6472},{"State":"Manipur","Party":"Uttar Pradesh Republican Party","Total_no_of_seats":1,"Won":0,"Loss":1,"lea":5222,"Previous_Election_won":0.0,"Percentage_of_change":0.0,"Total_Votes":542},{"State":"Meghalaya","Party":"UTTARAKHAND PARIVARTAN PARTY","Total_no_of_seats":1,"Won":0,"Loss":1,"lea":43447,"Previous_Election_won":0.0,"Percentage_of_change":0.0,"Total_Votes":2045},{"State":"Mizoram","Party":"Vanchit Jamat Party","Total_no_of_seats":1,"Won":0,"Loss":1,"lea":12172,"Previous_Election_won":0.0,"Percentage_of_change":0.0,"Total_Votes":350},{"State":"Nagaland","Party":"VANCHITSAMAJ INSAAF PARTY","Total_no_of_seats":8,"Won":0,"Loss":8,"lea":6766,"Previous_Election_won":0.0,"Percentage_of_change":0.0,"Total_Votes":23991},{"State":"NCT OF Delhi","Party":"Vichara Jagruthi Congress Paksha","Total_no_of_seats":1,"Won":0,"Loss":1,"lea":33587,"Previous_Election_won":0.0,"Percentage_of_change":0.0,"Total_Votes":3972},{"State":"Odisha","Party":"Viduthalai Chiruthaigal Katchi","Total_no_of_seats":2,"Won":0,"Loss":2,"lea":17527,"Previous_Election_won":11.0,"Percentage_of_change":0.11,"Total_Votes":606110},{"State":"Puducherry","Party":"Vishva Hindustani Sangathan","Total_no_of_seats":3,"Won":0,"Loss":3,"lea":7745,"Previous_Election_won":0.0,"Percentage_of_change":0.0,"Total_Votes":2880},{"State":"Punjab","Party":"Vishva SHakti Party","Total_no_of_seats":1,"Won":0,"Loss":1,"lea":1048,"Previous_Election_won":0.0,"Percentage_of_change":0.0,"Total_Votes":263},{"State":"Rajasthan","Party":"Voters Party","Total_no_of_seats":1,"Won":0,"Loss":1,"lea":23878,"Previous_Election_won":0.0,"Percentage_of_change":0.0,"Total_Votes":1089},{"State":"Sikkim","Party":"Welfare Party Of India","Total_no_of_seats":25,"Won":0,"Loss":25,"lea":42349,"Previous_Election_won":4.0,"Percentage_of_change":0.04,"Total_Votes":228642},{"State":"Tamil Nadu","Party":"Yuva Sarkar","Total_no_of_seats":2,"Won":0,"Loss":2,"lea":9580,"Previous_Election_won":0.0,"Percentage_of_change":0.0,"Total_Votes":4578},{"State":"Tripura","Party":"Yuvajana Sramika Rythu Congress Party","Total_no_of_seats":38,"Won":9,"Loss":29,"lea":17609,"Previous_Election_won":244.0,"Percentage_of_change":2.53,"Total_Votes":13991280},{"State":"Uttar Pradesh","Party":"Independent","Total_no_of_seats":3235,"Won":3,"Loss":3232,"lea":62911,"Previous_Election_won":299.0,"Percentage_of_change":3.02,"Total_Votes":16743719}]